{
  "LocationResult": [
    {
      "Municipality": "Antwerpen",
      "Zipcode": "2170",
      "Thoroughfarename": "Bredabaan",
      "Housenumber": "344",
      "ID": 944373,
      "FormattedAddress": "Bredabaan 344, 2170 Antwerpen",
      "Location": {
        "Lat_WGS84": 51.24243290038819,
        "Lon_WGS84": 4.4400716024525435,
        "X_Lambert72": 154980.03,
        "Y_Lambert72": 214726.39,
        "X_Lambert2008": 654974.35,
        "Y_Lambert2008": 714727.03
      },
      "LocationType": "basisregisters_huisnummer_afgeleidVanObject",
      "BoundingBox": {
        "LowerLeft": {
          "Lat_WGS84": 51.24243290038819,
          "Lon_WGS84": 4.4400716024525435,
          "X_Lambert72": 154980.03,
          "Y_Lambert72": 214726.39,
          "X_Lambert2008": 654974.35,
          "Y_Lambert2008": 714727.03
        },
        "UpperRight": {
          "Lat_WGS84": 51.24243290038819,
          "Lon_WGS84": 4.4400716024525435,
          "X_Lambert72": 154980.03,
          "Y_Lambert72": 214726.39,
          "X_Lambert2008": 654974.35,
          "Y_Lambert2008": 714727.03
        }
      }
    }
  ]
}