{
  "LocationResult": [
    {
      "Municipality": "Antwerpen",
      "Zipcode": "2660",
      "Thoroughfarename": "Louisalei",
      "Housenumber": "65",
      "ID": 994802,
      "FormattedAddress": "Louisalei 65, 2660 Antwerpen",
      "Location": {
        "Lat_WGS84": 51.17608972603701,
        "Lon_WGS84": 4.344836834423026,
        "X_Lambert72": 148327.2,
        "Y_Lambert72": 207343.25,
        "X_Lambert2008": 648322.45,
        "Y_Lambert2008": 707343.16
      },
      "LocationType": "basisregisters_huisnummer_afgeleidVanObject",
      "BoundingBox": {
        "LowerLeft": {
          "Lat_WGS84": 51.17608972603701,
          "Lon_WGS84": 4.344836834423026,
          "X_Lambert72": 148327.2,
          "Y_Lambert72": 207343.25,
          "X_Lambert2008": 648322.45,
          "Y_Lambert2008": 707343.16
        },
        "UpperRight": {
          "Lat_WGS84": 51.17608972603701,
          "Lon_WGS84": 4.344836834423026,
          "X_Lambert72": 148327.2,
          "Y_Lambert72": 207343.25,
          "X_Lambert2008": 648322.45,
          "Y_Lambert2008": 707343.16
        }
      }
    }
  ]
}