{
  "LocationResult": [
    {
      "Municipality": "Antwerpen",
      "Zipcode": "2000",
      "Thoroughfarename": "Ambtmanstraat",
      "Housenumber": "5",
      "ID": 1195183,
      "FormattedAddress": "Ambtmanstraat 5, 2000 Antwerpen",
      "Location": {
        "Lat_WGS84": 51.222427706056884,
        "Lon_WGS84": 4.406082901151388,
        "X_Lambert72": 152607.64,
        "Y_Lambert72": 212498.95,
        "X_Lambert2008": 652602.24,
        "Y_Lambert2008": 712499.33
      },
      "LocationType": "basisregisters_huisnummer_afgeleidVanObject",
      "BoundingBox": {
        "LowerLeft": {
          "Lat_WGS84": 51.222427706056884,
          "Lon_WGS84": 4.406082901151388,
          "X_Lambert72": 152607.64,
          "Y_Lambert72": 212498.95,
          "X_Lambert2008": 652602.24,
          "Y_Lambert2008": 712499.33
        },
        "UpperRight": {
          "Lat_WGS84": 51.222427706056884,
          "Lon_WGS84": 4.406082901151388,
          "X_Lambert72": 152607.64,
          "Y_Lambert72": 212498.95,
          "X_Lambert2008": 652602.24,
          "Y_Lambert2008": 712499.33
        }
      }
    }
  ]
}