{
  "LocationResult": [
    {
      "Municipality": "Antwerpen",
      "Zipcode": "2100",
      "Thoroughfarename": "Turnhoutsebaan",
      "Housenumber": "105",
      "ID": 2463569,
      "FormattedAddress": "Turnhoutsebaan 105, 2100 Antwerpen",
      "Location": {
        "Lat_WGS84": 51.22072913093868,
        "Lon_WGS84": 4.46043501656938,
        "X_Lambert72": 156405.07,
        "Y_Lambert72": 212313.31,
        "X_Lambert2008": 656399.66,
        "Y_Lambert2008": 712314.14
      },
      "LocationType": "basisregisters_huisnummer_afgeleidVanObject",
      "BoundingBox": {
        "LowerLeft": {
          "Lat_WGS84": 51.22072913093868,
          "Lon_WGS84": 4.46043501656938,
          "X_Lambert72": 156405.07,
          "Y_Lambert72": 212313.31,
          "X_Lambert2008": 656399.66,
          "Y_Lambert2008": 712314.14
        },
        "UpperRight": {
          "Lat_WGS84": 51.22072913093868,
          "Lon_WGS84": 4.46043501656938,
          "X_Lambert72": 156405.07,
          "Y_Lambert72": 212313.31,
          "X_Lambert2008": 656399.66,
          "Y_Lambert2008": 712314.14
        }
      }
    }
  ]
}