{
  "LocationResult": [
    {
      "Municipality": "Antwerpen",
      "Zipcode": "2100",
      "Thoroughfarename": "Ten Eekhovelei",
      "Housenumber": "194",
      "ID": 1181953,
      "FormattedAddress": "Ten Eekhovelei 194, 2100 Antwerpen",
      "Location": {
        "Lat_WGS84": 51.228236653397275,
        "Lon_WGS84": 4.447471994874856,
        "X_Lambert72": 155498.51,
        "Y_Lambert72": 213147.51,
        "X_Lambert2008": 655493.01,
        "Y_Lambert2008": 713148.23
      },
      "LocationType": "basisregisters_huisnummer_afgeleidVanObject",
      "BoundingBox": {
        "LowerLeft": {
          "Lat_WGS84": 51.228236653397275,
          "Lon_WGS84": 4.447471994874856,
          "X_Lambert72": 155498.51,
          "Y_Lambert72": 213147.51,
          "X_Lambert2008": 655493.01,
          "Y_Lambert2008": 713148.23
        },
        "UpperRight": {
          "Lat_WGS84": 51.228236653397275,
          "Lon_WGS84": 4.447471994874856,
          "X_Lambert72": 155498.51,
          "Y_Lambert72": 213147.51,
          "X_Lambert2008": 655493.01,
          "Y_Lambert2008": 713148.23
        }
      }
    }
  ]
}