{
  "LocationResult": [
    {
      "Municipality": "Antwerpen",
      "Zipcode": "2000",
      "Thoroughfarename": "Cockerillkaai",
      "Housenumber": "12",
      "ID": 31325782,
      "FormattedAddress": "Cockerillkaai 12, 2000 Antwerpen",
      "Location": {
        "Lat_WGS84": 51.212595217429836,
        "Lon_WGS84": 4.390599974209114,
        "X_Lambert72": 151526.29,
        "Y_Lambert72": 211404.6,
        "X_Lambert2008": 651521.03,
        "Y_Lambert2008": 711404.86
      },
      "LocationType": "basisregisters_huisnummer_afgeleidVanObject",
      "BoundingBox": {
        "LowerLeft": {
          "Lat_WGS84": 51.212595217429836,
          "Lon_WGS84": 4.390599974209114,
          "X_Lambert72": 151526.29,
          "Y_Lambert72": 211404.6,
          "X_Lambert2008": 651521.03,
          "Y_Lambert2008": 711404.86
        },
        "UpperRight": {
          "Lat_WGS84": 51.212595217429836,
          "Lon_WGS84": 4.390599974209114,
          "X_Lambert72": 151526.29,
          "Y_Lambert72": 211404.6,
          "X_Lambert2008": 651521.03,
          "Y_Lambert2008": 711404.86
        }
      }
    }
  ]
}