{
  "LocationResult": [
    {
      "Municipality": "Antwerpen",
      "Zipcode": "2610",
      "Thoroughfarename": "Voetbalstraat",
      "Housenumber": "16",
      "ID": 752922,
      "FormattedAddress": "Voetbalstraat 16, 2610 Antwerpen",
      "Location": {
        "Lat_WGS84": 51.18336951726448,
        "Lon_WGS84": 4.373886825951874,
        "X_Lambert72": 150358.67,
        "Y_Lambert72": 208152.91,
        "X_Lambert2008": 650353.81,
        "Y_Lambert2008": 708153.06
      },
      "LocationType": "basisregisters_huisnummer_afgeleidVanObject",
      "BoundingBox": {
        "LowerLeft": {
          "Lat_WGS84": 51.18336951726448,
          "Lon_WGS84": 4.373886825951874,
          "X_Lambert72": 150358.67,
          "Y_Lambert72": 208152.91,
          "X_Lambert2008": 650353.81,
          "Y_Lambert2008": 708153.06
        },
        "UpperRight": {
          "Lat_WGS84": 51.18336951726448,
          "Lon_WGS84": 4.373886825951874,
          "X_Lambert72": 150358.67,
          "Y_Lambert72": 208152.91,
          "X_Lambert2008": 650353.81,
          "Y_Lambert2008": 708153.06
        }
      }
    }
  ]
}