{
  "LocationResult": [
    {
      "Municipality": "Antwerpen",
      "Zipcode": "2610",
      "Thoroughfarename": "Koningin Elisabethstraat",
      "Housenumber": "33",
      "ID": 889804,
      "FormattedAddress": "Koningin Elisabethstraat 33, 2610 Antwerpen",
      "Location": {
        "Lat_WGS84": 51.17171223605202,
        "Lon_WGS84": 4.390697762578105,
        "X_Lambert72": 151534.51,
        "Y_Lambert72": 206856.23,
        "X_Lambert2008": 651529.79,
        "Y_Lambert2008": 706856.53
      },
      "LocationType": "basisregisters_huisnummer_afgeleidVanObject",
      "BoundingBox": {
        "LowerLeft": {
          "Lat_WGS84": 51.17171223605202,
          "Lon_WGS84": 4.390697762578105,
          "X_Lambert72": 151534.51,
          "Y_Lambert72": 206856.23,
          "X_Lambert2008": 651529.79,
          "Y_Lambert2008": 706856.53
        },
        "UpperRight": {
          "Lat_WGS84": 51.17171223605202,
          "Lon_WGS84": 4.390697762578105,
          "X_Lambert72": 151534.51,
          "Y_Lambert72": 206856.23,
          "X_Lambert2008": 651529.79,
          "Y_Lambert2008": 706856.53
        }
      }
    }
  ]
}