{
  "LocationResult": [
    {
      "Municipality": "Antwerpen",
      "Zipcode": "2000",
      "Thoroughfarename": "Zirkstraat",
      "Housenumber": "8",
      "ID": 979272,
      "FormattedAddress": "Zirkstraat 8, 2000 Antwerpen",
      "Location": {
        "Lat_WGS84": 51.22302968952404,
        "Lon_WGS84": 4.400222265084079,
        "X_Lambert72": 152198.17,
        "Y_Lambert72": 212565.73,
        "X_Lambert2008": 652192.77,
        "Y_Lambert2008": 712566.06
      },
      "LocationType": "basisregisters_huisnummer_afgeleidVanObject",
      "BoundingBox": {
        "LowerLeft": {
          "Lat_WGS84": 51.22302968952404,
          "Lon_WGS84": 4.400222265084079,
          "X_Lambert72": 152198.17,
          "Y_Lambert72": 212565.73,
          "X_Lambert2008": 652192.77,
          "Y_Lambert2008": 712566.06
        },
        "UpperRight": {
          "Lat_WGS84": 51.22302968952404,
          "Lon_WGS84": 4.400222265084079,
          "X_Lambert72": 152198.17,
          "Y_Lambert72": 212565.73,
          "X_Lambert2008": 652192.77,
          "Y_Lambert2008": 712566.06
        }
      }
    }
  ]
}