{
  "LocationResult": [
    {
      "Municipality": "Antwerpen",
      "Zipcode": "2000",
      "Thoroughfarename": "Vleminckveld",
      "Housenumber": "78",
      "ID": 298691,
      "FormattedAddress": "Vleminckveld 78, 2000 Antwerpen",
      "Location": {
        "Lat_WGS84": 51.21359748051693,
        "Lon_WGS84": 4.404151725141815,
        "X_Lambert72": 152473.2,
        "Y_Lambert72": 211516.48,
        "X_Lambert2008": 652467.92,
        "Y_Lambert2008": 711516.85
      },
      "LocationType": "basisregisters_huisnummer_afgeleidVanObject",
      "BoundingBox": {
        "LowerLeft": {
          "Lat_WGS84": 51.21359748051693,
          "Lon_WGS84": 4.404151725141815,
          "X_Lambert72": 152473.2,
          "Y_Lambert72": 211516.48,
          "X_Lambert2008": 652467.92,
          "Y_Lambert2008": 711516.85
        },
        "UpperRight": {
          "Lat_WGS84": 51.21359748051693,
          "Lon_WGS84": 4.404151725141815,
          "X_Lambert72": 152473.2,
          "Y_Lambert72": 211516.48,
          "X_Lambert2008": 652467.92,
          "Y_Lambert2008": 711516.85
        }
      }
    }
  ]
}