{
  "LocationResult": [
    {
      "Municipality": "Antwerpen",
      "Zipcode": "2000",
      "Thoroughfarename": "Bervoetstraat",
      "Housenumber": "6",
      "ID": 261322,
      "FormattedAddress": "Bervoetstraat 6, 2000 Antwerpen",
      "Location": {
        "Lat_WGS84": 51.21206209596821,
        "Lon_WGS84": 4.401338080787371,
        "X_Lambert72": 152276.67,
        "Y_Lambert72": 211345.57,
        "X_Lambert2008": 652271.41,
        "Y_Lambert2008": 711345.92
      },
      "LocationType": "basisregisters_huisnummer_afgeleidVanObject",
      "BoundingBox": {
        "LowerLeft": {
          "Lat_WGS84": 51.21206209596821,
          "Lon_WGS84": 4.401338080787371,
          "X_Lambert72": 152276.67,
          "Y_Lambert72": 211345.57,
          "X_Lambert2008": 652271.41,
          "Y_Lambert2008": 711345.92
        },
        "UpperRight": {
          "Lat_WGS84": 51.21206209596821,
          "Lon_WGS84": 4.401338080787371,
          "X_Lambert72": 152276.67,
          "Y_Lambert72": 211345.57,
          "X_Lambert2008": 652271.41,
          "Y_Lambert2008": 711345.92
        }
      }
    }
  ]
}