{
  "LocationResult": [
    {
      "Municipality": "Antwerpen",
      "Zipcode": "2660",
      "Thoroughfarename": "Kapelstraat",
      "Housenumber": "180",
      "ID": 2483391,
      "FormattedAddress": "Kapelstraat 180, 2660 Antwerpen",
      "Location": {
        "Lat_WGS84": 51.17417660616187,
        "Lon_WGS84": 4.34308459167092,
        "X_Lambert72": 148204.59,
        "Y_Lambert72": 207130.45,
        "X_Lambert2008": 648199.87,
        "Y_Lambert2008": 707130.35
      },
      "LocationType": "basisregisters_huisnummer_afgeleidVanObject",
      "BoundingBox": {
        "LowerLeft": {
          "Lat_WGS84": 51.17417660616187,
          "Lon_WGS84": 4.34308459167092,
          "X_Lambert72": 148204.59,
          "Y_Lambert72": 207130.45,
          "X_Lambert2008": 648199.87,
          "Y_Lambert2008": 707130.35
        },
        "UpperRight": {
          "Lat_WGS84": 51.17417660616187,
          "Lon_WGS84": 4.34308459167092,
          "X_Lambert72": 148204.59,
          "Y_Lambert72": 207130.45,
          "X_Lambert2008": 648199.87,
          "Y_Lambert2008": 707130.35
        }
      }
    }
  ]
}