{
  "LocationResult": [
    {
      "Municipality": "Antwerpen",
      "Zipcode": "2000",
      "Thoroughfarename": "Sint-Jacobsmarkt",
      "Housenumber": "18",
      "ID": 2394657,
      "FormattedAddress": "Sint-Jacobsmarkt 18, 2000 Antwerpen",
      "Location": {
        "Lat_WGS84": 51.220422999572286,
        "Lon_WGS84": 4.410644293923486,
        "X_Lambert72": 152926.44,
        "Y_Lambert72": 212276.09,
        "X_Lambert2008": 652921.07,
        "Y_Lambert2008": 712276.51
      },
      "LocationType": "basisregisters_huisnummer_afgeleidVanObject",
      "BoundingBox": {
        "LowerLeft": {
          "Lat_WGS84": 51.220422999572286,
          "Lon_WGS84": 4.410644293923486,
          "X_Lambert72": 152926.44,
          "Y_Lambert72": 212276.09,
          "X_Lambert2008": 652921.07,
          "Y_Lambert2008": 712276.51
        },
        "UpperRight": {
          "Lat_WGS84": 51.220422999572286,
          "Lon_WGS84": 4.410644293923486,
          "X_Lambert72": 152926.44,
          "Y_Lambert72": 212276.09,
          "X_Lambert2008": 652921.07,
          "Y_Lambert2008": 712276.51
        }
      }
    }
  ]
}