{
  "LocationResult": [
    {
      "Municipality": "Antwerpen",
      "Zipcode": "2140",
      "Thoroughfarename": "Turnhoutsebaan",
      "Housenumber": "183",
      "ID": 2471987,
      "FormattedAddress": "Turnhoutsebaan 183, 2140 Antwerpen",
      "Location": {
        "Lat_WGS84": 51.214848273515265,
        "Lon_WGS84": 4.436075187308481,
        "X_Lambert72": 154703.76,
        "Y_Lambert72": 211657.2,
        "X_Lambert2008": 654698.45,
        "Y_Lambert2008": 711657.84
      },
      "LocationType": "basisregisters_huisnummer_afgeleidVanObject",
      "BoundingBox": {
        "LowerLeft": {
          "Lat_WGS84": 51.214848273515265,
          "Lon_WGS84": 4.436075187308481,
          "X_Lambert72": 154703.76,
          "Y_Lambert72": 211657.2,
          "X_Lambert2008": 654698.45,
          "Y_Lambert2008": 711657.84
        },
        "UpperRight": {
          "Lat_WGS84": 51.214848273515265,
          "Lon_WGS84": 4.436075187308481,
          "X_Lambert72": 154703.76,
          "Y_Lambert72": 211657.2,
          "X_Lambert2008": 654698.45,
          "Y_Lambert2008": 711657.84
        }
      }
    }
  ]
}