{
  "LocationResult": [
    {
      "Municipality": "Antwerpen",
      "Zipcode": "2040",
      "Thoroughfarename": "Omwentelingstraat",
      "Housenumber": "1",
      "ID": 744529,
      "FormattedAddress": "Omwentelingstraat 1, 2040 Antwerpen",
      "Location": {
        "Lat_WGS84": 51.30488624363325,
        "Lon_WGS84": 4.289948274159529,
        "X_Lambert72": 144503.79,
        "Y_Lambert72": 221675.19,
        "X_Lambert2008": 644497.37,
        "Y_Lambert2008": 721674.53
      },
      "LocationType": "basisregisters_huisnummer_afgeleidVanObject",
      "BoundingBox": {
        "LowerLeft": {
          "Lat_WGS84": 51.30488624363325,
          "Lon_WGS84": 4.289948274159529,
          "X_Lambert72": 144503.79,
          "Y_Lambert72": 221675.19,
          "X_Lambert2008": 644497.37,
          "Y_Lambert2008": 721674.53
        },
        "UpperRight": {
          "Lat_WGS84": 51.30488624363325,
          "Lon_WGS84": 4.289948274159529,
          "X_Lambert72": 144503.79,
          "Y_Lambert72": 221675.19,
          "X_Lambert2008": 644497.37,
          "Y_Lambert2008": 721674.53
        }
      }
    }
  ]
}