{
  "LocationResult": [
    {
      "Municipality": "Antwerpen",
      "Zipcode": "2610",
      "Thoroughfarename": "Scheidingstraat",
      "Housenumber": "1",
      "ID": 229536,
      "FormattedAddress": "Scheidingstraat 1, 2610 Antwerpen",
      "Location": {
        "Lat_WGS84": 51.18221766751656,
        "Lon_WGS84": 4.376402301104444,
        "X_Lambert72": 150534.57,
        "Y_Lambert72": 208024.78,
        "X_Lambert2008": 650529.72,
        "Y_Lambert2008": 708024.95
      },
      "LocationType": "basisregisters_huisnummer_afgeleidVanObject",
      "BoundingBox": {
        "LowerLeft": {
          "Lat_WGS84": 51.18221766751656,
          "Lon_WGS84": 4.376402301104444,
          "X_Lambert72": 150534.57,
          "Y_Lambert72": 208024.78,
          "X_Lambert2008": 650529.72,
          "Y_Lambert2008": 708024.95
        },
        "UpperRight": {
          "Lat_WGS84": 51.18221766751656,
          "Lon_WGS84": 4.376402301104444,
          "X_Lambert72": 150534.57,
          "Y_Lambert72": 208024.78,
          "X_Lambert2008": 650529.72,
          "Y_Lambert2008": 708024.95
        }
      }
    }
  ]
}