{
  "LocationResult": [
    {
      "Municipality": "Antwerpen",
      "Zipcode": "2660",
      "Thoroughfarename": "Tennisstraat",
      "Housenumber": "39",
      "ID": 372308,
      "FormattedAddress": "Tennisstraat 39, 2660 Antwerpen",
      "Location": {
        "Lat_WGS84": 51.18447682989979,
        "Lon_WGS84": 4.377730655752497,
        "X_Lambert72": 150627.42,
        "Y_Lambert72": 208276.13,
        "X_Lambert2008": 650622.54,
        "Y_Lambert2008": 708276.31
      },
      "LocationType": "basisregisters_huisnummer_afgeleidVanObject",
      "BoundingBox": {
        "LowerLeft": {
          "Lat_WGS84": 51.18447682989979,
          "Lon_WGS84": 4.377730655752497,
          "X_Lambert72": 150627.42,
          "Y_Lambert72": 208276.13,
          "X_Lambert2008": 650622.54,
          "Y_Lambert2008": 708276.31
        },
        "UpperRight": {
          "Lat_WGS84": 51.18447682989979,
          "Lon_WGS84": 4.377730655752497,
          "X_Lambert72": 150627.42,
          "Y_Lambert72": 208276.13,
          "X_Lambert2008": 650622.54,
          "Y_Lambert2008": 708276.31
        }
      }
    }
  ]
}