{
  "LocationResult": [
    {
      "Municipality": "Antwerpen",
      "Zipcode": "2018",
      "Thoroughfarename": "Pelikaanstraat",
      "Housenumber": "130",
      "ID": 964952,
      "FormattedAddress": "Pelikaanstraat 130, 2018 Antwerpen",
      "Location": {
        "Lat_WGS84": 51.21303500135374,
        "Lon_WGS84": 4.420645424297146,
        "X_Lambert72": 153625.76,
        "Y_Lambert72": 211454.59,
        "X_Lambert2008": 653620.48,
        "Y_Lambert2008": 711455.1
      },
      "LocationType": "basisregisters_huisnummer_afgeleidVanObject",
      "BoundingBox": {
        "LowerLeft": {
          "Lat_WGS84": 51.21303500135374,
          "Lon_WGS84": 4.420645424297146,
          "X_Lambert72": 153625.76,
          "Y_Lambert72": 211454.59,
          "X_Lambert2008": 653620.48,
          "Y_Lambert2008": 711455.1
        },
        "UpperRight": {
          "Lat_WGS84": 51.21303500135374,
          "Lon_WGS84": 4.420645424297146,
          "X_Lambert72": 153625.76,
          "Y_Lambert72": 211454.59,
          "X_Lambert2008": 653620.48,
          "Y_Lambert2008": 711455.1
        }
      }
    }
  ]
}