{
  "LocationResult": [
    {
      "Municipality": "Antwerpen",
      "Zipcode": "2170",
      "Thoroughfarename": "Bredabaan",
      "Housenumber": "532",
      "ID": 2322771,
      "FormattedAddress": "Bredabaan 532, 2170 Antwerpen",
      "Location": {
        "Lat_WGS84": 51.24558068124029,
        "Lon_WGS84": 4.447132357866632,
        "X_Lambert72": 155472.73,
        "Y_Lambert72": 215077.1,
        "X_Lambert2008": 655467.0,
        "Y_Lambert2008": 715077.8
      },
      "LocationType": "basisregisters_huisnummer_afgeleidVanObject",
      "BoundingBox": {
        "LowerLeft": {
          "Lat_WGS84": 51.24558068124029,
          "Lon_WGS84": 4.447132357866632,
          "X_Lambert72": 155472.73,
          "Y_Lambert72": 215077.1,
          "X_Lambert2008": 655467.0,
          "Y_Lambert2008": 715077.8
        },
        "UpperRight": {
          "Lat_WGS84": 51.24558068124029,
          "Lon_WGS84": 4.447132357866632,
          "X_Lambert72": 155472.73,
          "Y_Lambert72": 215077.1,
          "X_Lambert2008": 655467.0,
          "Y_Lambert2008": 715077.8
        }
      }
    }
  ]
}