{
  "LocationResult": [
    {
      "Municipality": "Antwerpen",
      "Zipcode": "2660",
      "Thoroughfarename": "Elststraat",
      "Housenumber": "47",
      "ID": 398781,
      "FormattedAddress": "Elststraat 47, 2660 Antwerpen",
      "Location": {
        "Lat_WGS84": 51.1749485493321,
        "Lon_WGS84": 4.35327163566795,
        "X_Lambert72": 148917.04,
        "Y_Lambert72": 207216.14,
        "X_Lambert2008": 648912.3,
        "Y_Lambert2008": 707216.12
      },
      "LocationType": "basisregisters_huisnummer_afgeleidVanObject",
      "BoundingBox": {
        "LowerLeft": {
          "Lat_WGS84": 51.1749485493321,
          "Lon_WGS84": 4.35327163566795,
          "X_Lambert72": 148917.04,
          "Y_Lambert72": 207216.14,
          "X_Lambert2008": 648912.3,
          "Y_Lambert2008": 707216.12
        },
        "UpperRight": {
          "Lat_WGS84": 51.1749485493321,
          "Lon_WGS84": 4.35327163566795,
          "X_Lambert72": 148917.04,
          "Y_Lambert72": 207216.14,
          "X_Lambert2008": 648912.3,
          "Y_Lambert2008": 707216.12
        }
      }
    }
  ]
}