{
  "LocationResult": [
    {
      "Municipality": "Antwerpen",
      "Zipcode": "2600",
      "Thoroughfarename": "Van Vaerenberghstraat",
      "Housenumber": "68",
      "ID": 1302765,
      "FormattedAddress": "Van Vaerenberghstraat 68, 2600 Antwerpen",
      "Location": {
        "Lat_WGS84": 51.198307582795515,
        "Lon_WGS84": 4.430167583325357,
        "X_Lambert72": 154292.51,
        "Y_Lambert72": 209816.62,
        "X_Lambert2008": 654287.42,
        "Y_Lambert2008": 709817.22
      },
      "LocationType": "basisregisters_huisnummer_afgeleidVanObject",
      "BoundingBox": {
        "LowerLeft": {
          "Lat_WGS84": 51.198307582795515,
          "Lon_WGS84": 4.430167583325357,
          "X_Lambert72": 154292.51,
          "Y_Lambert72": 209816.62,
          "X_Lambert2008": 654287.42,
          "Y_Lambert2008": 709817.22
        },
        "UpperRight": {
          "Lat_WGS84": 51.198307582795515,
          "Lon_WGS84": 4.430167583325357,
          "X_Lambert72": 154292.51,
          "Y_Lambert72": 209816.62,
          "X_Lambert2008": 654287.42,
          "Y_Lambert2008": 709817.22
        }
      }
    }
  ]
}