{
  "LocationResult": [
    {
      "Municipality": "Antwerpen",
      "Zipcode": "2140",
      "Thoroughfarename": "Turnhoutsebaan",
      "Housenumber": "28",
      "ID": 2499039,
      "FormattedAddress": "Turnhoutsebaan 28, 2140 Antwerpen",
      "Location": {
        "Lat_WGS84": 51.21660088627794,
        "Lon_WGS84": 4.429579681894158,
        "X_Lambert72": 154249.73,
        "Y_Lambert72": 211851.79,
        "X_Lambert2008": 654244.4,
        "Y_Lambert2008": 711852.37
      },
      "LocationType": "basisregisters_huisnummer_afgeleidVanObject",
      "BoundingBox": {
        "LowerLeft": {
          "Lat_WGS84": 51.21660088627794,
          "Lon_WGS84": 4.429579681894158,
          "X_Lambert72": 154249.73,
          "Y_Lambert72": 211851.79,
          "X_Lambert2008": 654244.4,
          "Y_Lambert2008": 711852.37
        },
        "UpperRight": {
          "Lat_WGS84": 51.21660088627794,
          "Lon_WGS84": 4.429579681894158,
          "X_Lambert72": 154249.73,
          "Y_Lambert72": 211851.79,
          "X_Lambert2008": 654244.4,
          "Y_Lambert2008": 711852.37
        }
      }
    }
  ]
}