{
  "LocationResult": [
    {
      "Municipality": "Antwerpen",
      "Zipcode": "2140",
      "Thoroughfarename": "Karel Geertsstraat",
      "Housenumber": "1",
      "ID": 1058171,
      "FormattedAddress": "Karel Geertsstraat 1, 2140 Antwerpen",
      "Location": {
        "Lat_WGS84": 51.2159605593488,
        "Lon_WGS84": 4.445201421977021,
        "X_Lambert72": 155341.32,
        "Y_Lambert72": 211781.57,
        "X_Lambert2008": 655335.99,
        "Y_Lambert2008": 711782.28
      },
      "LocationType": "basisregisters_huisnummer_afgeleidVanObject",
      "BoundingBox": {
        "LowerLeft": {
          "Lat_WGS84": 51.2159605593488,
          "Lon_WGS84": 4.445201421977021,
          "X_Lambert72": 155341.32,
          "Y_Lambert72": 211781.57,
          "X_Lambert2008": 655335.99,
          "Y_Lambert2008": 711782.28
        },
        "UpperRight": {
          "Lat_WGS84": 51.2159605593488,
          "Lon_WGS84": 4.445201421977021,
          "X_Lambert72": 155341.32,
          "Y_Lambert72": 211781.57,
          "X_Lambert2008": 655335.99,
          "Y_Lambert2008": 711782.28
        }
      }
    }
  ]
}