{
  "LocationResult": [
    {
      "Municipality": "Antwerpen",
      "Zipcode": "2100",
      "Thoroughfarename": "Turnhoutsebaan",
      "Housenumber": "90",
      "ID": 2490291,
      "FormattedAddress": "Turnhoutsebaan 90, 2100 Antwerpen",
      "Location": {
        "Lat_WGS84": 51.22021714576488,
        "Lon_WGS84": 4.460097215475801,
        "X_Lambert72": 156381.54,
        "Y_Lambert72": 212256.32,
        "X_Lambert2008": 656376.14,
        "Y_Lambert2008": 712257.15
      },
      "LocationType": "basisregisters_huisnummer_aangeduidDoorBeheerder",
      "BoundingBox": {
        "LowerLeft": {
          "Lat_WGS84": 51.22021714576488,
          "Lon_WGS84": 4.460097215475801,
          "X_Lambert72": 156381.54,
          "Y_Lambert72": 212256.32,
          "X_Lambert2008": 656376.14,
          "Y_Lambert2008": 712257.15
        },
        "UpperRight": {
          "Lat_WGS84": 51.22021714576488,
          "Lon_WGS84": 4.460097215475801,
          "X_Lambert72": 156381.54,
          "Y_Lambert72": 212256.32,
          "X_Lambert2008": 656376.14,
          "Y_Lambert2008": 712257.15
        }
      }
    }
  ]
}