{
  "LocationResult": [
    {
      "Municipality": "Antwerpen",
      "Zipcode": "2610",
      "Thoroughfarename": "Boomsesteenweg",
      "Housenumber": "467",
      "ID": 3911636,
      "FormattedAddress": "Boomsesteenweg 467, 2610 Antwerpen",
      "Location": {
        "Lat_WGS84": 51.16259394247171,
        "Lon_WGS84": 4.385497819201722,
        "X_Lambert72": 151171.07,
        "Y_Lambert72": 205841.7,
        "X_Lambert2008": 651166.48,
        "Y_Lambert2008": 705841.96
      },
      "LocationType": "basisregisters_huisnummer_afgeleidVanObject",
      "BoundingBox": {
        "LowerLeft": {
          "Lat_WGS84": 51.16259394247171,
          "Lon_WGS84": 4.385497819201722,
          "X_Lambert72": 151171.07,
          "Y_Lambert72": 205841.7,
          "X_Lambert2008": 651166.48,
          "Y_Lambert2008": 705841.96
        },
        "UpperRight": {
          "Lat_WGS84": 51.16259394247171,
          "Lon_WGS84": 4.385497819201722,
          "X_Lambert72": 151171.07,
          "Y_Lambert72": 205841.7,
          "X_Lambert2008": 651166.48,
          "Y_Lambert2008": 705841.96
        }
      }
    }
  ]
}