{
  "LocationResult": [
    {
      "Municipality": "Antwerpen",
      "Zipcode": "2600",
      "Thoroughfarename": "Hof ter Schriecklaan",
      "Housenumber": "21",
      "ID": 2399465,
      "FormattedAddress": "Hof ter Schriecklaan 21, 2600 Antwerpen",
      "Location": {
        "Lat_WGS84": 51.1889613810554,
        "Lon_WGS84": 4.421277111658048,
        "X_Lambert72": 153671.82,
        "Y_Lambert72": 208776.34,
        "X_Lambert2008": 653666.86,
        "Y_Lambert2008": 708776.88
      },
      "LocationType": "basisregisters_huisnummer_afgeleidVanObject",
      "BoundingBox": {
        "LowerLeft": {
          "Lat_WGS84": 51.1889613810554,
          "Lon_WGS84": 4.421277111658048,
          "X_Lambert72": 153671.82,
          "Y_Lambert72": 208776.34,
          "X_Lambert2008": 653666.86,
          "Y_Lambert2008": 708776.88
        },
        "UpperRight": {
          "Lat_WGS84": 51.1889613810554,
          "Lon_WGS84": 4.421277111658048,
          "X_Lambert72": 153671.82,
          "Y_Lambert72": 208776.34,
          "X_Lambert2008": 653666.86,
          "Y_Lambert2008": 708776.88
        }
      }
    }
  ]
}