{
  "LocationResult": [
    {
      "Municipality": "Antwerpen",
      "Zipcode": "2170",
      "Thoroughfarename": "Bredabaan",
      "Housenumber": "138",
      "ID": 1416453,
      "FormattedAddress": "Bredabaan 138, 2170 Antwerpen",
      "Location": {
        "Lat_WGS84": 51.237896120627276,
        "Lon_WGS84": 4.43536425747592,
        "X_Lambert72": 154651.76,
        "Y_Lambert72": 214221.34,
        "X_Lambert2008": 654646.14,
        "Y_Lambert2008": 714221.95
      },
      "LocationType": "basisregisters_huisnummer_afgeleidVanObject",
      "BoundingBox": {
        "LowerLeft": {
          "Lat_WGS84": 51.237896120627276,
          "Lon_WGS84": 4.43536425747592,
          "X_Lambert72": 154651.76,
          "Y_Lambert72": 214221.34,
          "X_Lambert2008": 654646.14,
          "Y_Lambert2008": 714221.95
        },
        "UpperRight": {
          "Lat_WGS84": 51.237896120627276,
          "Lon_WGS84": 4.43536425747592,
          "X_Lambert72": 154651.76,
          "Y_Lambert72": 214221.34,
          "X_Lambert2008": 654646.14,
          "Y_Lambert2008": 714221.95
        }
      }
    }
  ]
}