{
  "LocationResult": [
    {
      "Municipality": "Antwerpen",
      "Zipcode": "2018",
      "Thoroughfarename": "Justitiestraat",
      "Housenumber": "63",
      "ID": 2342641,
      "FormattedAddress": "Justitiestraat 63, 2018 Antwerpen",
      "Location": {
        "Lat_WGS84": 51.208313603317094,
        "Lon_WGS84": 4.404552735847001,
        "X_Lambert72": 152501.51,
        "Y_Lambert72": 210928.64,
        "X_Lambert2008": 652496.3,
        "Y_Lambert2008": 710929.02
      },
      "LocationType": "basisregisters_huisnummer_afgeleidVanObject",
      "BoundingBox": {
        "LowerLeft": {
          "Lat_WGS84": 51.208313603317094,
          "Lon_WGS84": 4.404552735847001,
          "X_Lambert72": 152501.51,
          "Y_Lambert72": 210928.64,
          "X_Lambert2008": 652496.3,
          "Y_Lambert2008": 710929.02
        },
        "UpperRight": {
          "Lat_WGS84": 51.208313603317094,
          "Lon_WGS84": 4.404552735847001,
          "X_Lambert72": 152501.51,
          "Y_Lambert72": 210928.64,
          "X_Lambert2008": 652496.3,
          "Y_Lambert2008": 710929.02
        }
      }
    }
  ]
}