{
  "LocationResult": [
    {
      "Municipality": "Antwerpen",
      "Zipcode": "2018",
      "Thoroughfarename": "Ballaarstraat",
      "Housenumber": "25",
      "ID": 423307,
      "FormattedAddress": "Ballaarstraat 25, 2018 Antwerpen",
      "Location": {
        "Lat_WGS84": 51.20373671699493,
        "Lon_WGS84": 4.403578928540858,
        "X_Lambert72": 152433.7,
        "Y_Lambert72": 210419.41,
        "X_Lambert2008": 652428.55,
        "Y_Lambert2008": 710419.79
      },
      "LocationType": "basisregisters_huisnummer_afgeleidVanObject",
      "BoundingBox": {
        "LowerLeft": {
          "Lat_WGS84": 51.20373671699493,
          "Lon_WGS84": 4.403578928540858,
          "X_Lambert72": 152433.7,
          "Y_Lambert72": 210419.41,
          "X_Lambert2008": 652428.55,
          "Y_Lambert2008": 710419.79
        },
        "UpperRight": {
          "Lat_WGS84": 51.20373671699493,
          "Lon_WGS84": 4.403578928540858,
          "X_Lambert72": 152433.7,
          "Y_Lambert72": 210419.41,
          "X_Lambert2008": 652428.55,
          "Y_Lambert2008": 710419.79
        }
      }
    }
  ]
}