{
  "LocationResult": [
    {
      "Municipality": "Antwerpen",
      "Zipcode": "2660",
      "Thoroughfarename": "Antwerpsesteenweg",
      "Housenumber": "139",
      "ID": 2251745,
      "FormattedAddress": "Antwerpsesteenweg 139, 2660 Antwerpen",
      "Location": {
        "Lat_WGS84": 51.17896184353624,
        "Lon_WGS84": 4.358526625741666,
        "X_Lambert72": 149284.6,
        "Y_Lambert72": 207662.57,
        "X_Lambert2008": 649279.81,
        "Y_Lambert2008": 707662.59
      },
      "LocationType": "basisregisters_huisnummer_afgeleidVanObject",
      "BoundingBox": {
        "LowerLeft": {
          "Lat_WGS84": 51.17896184353624,
          "Lon_WGS84": 4.358526625741666,
          "X_Lambert72": 149284.6,
          "Y_Lambert72": 207662.57,
          "X_Lambert2008": 649279.81,
          "Y_Lambert2008": 707662.59
        },
        "UpperRight": {
          "Lat_WGS84": 51.17896184353624,
          "Lon_WGS84": 4.358526625741666,
          "X_Lambert72": 149284.6,
          "Y_Lambert72": 207662.57,
          "X_Lambert2008": 649279.81,
          "Y_Lambert2008": 707662.59
        }
      }
    }
  ]
}