{
  "LocationResult": [
    {
      "Municipality": "Antwerpen",
      "Zipcode": "2600",
      "Thoroughfarename": "De Roest d'Alkemadelaan",
      "Housenumber": "13",
      "ID": 905104,
      "FormattedAddress": "De Roest d'Alkemadelaan 13, 2600 Antwerpen",
      "Location": {
        "Lat_WGS84": 51.18225514939923,
        "Lon_WGS84": 4.4324590470025855,
        "X_Lambert72": 154454.23,
        "Y_Lambert72": 208030.87,
        "X_Lambert2008": 654449.35,
        "Y_Lambert2008": 708031.51
      },
      "LocationType": "basisregisters_huisnummer_afgeleidVanObject",
      "BoundingBox": {
        "LowerLeft": {
          "Lat_WGS84": 51.18225514939923,
          "Lon_WGS84": 4.4324590470025855,
          "X_Lambert72": 154454.23,
          "Y_Lambert72": 208030.87,
          "X_Lambert2008": 654449.35,
          "Y_Lambert2008": 708031.51
        },
        "UpperRight": {
          "Lat_WGS84": 51.18225514939923,
          "Lon_WGS84": 4.4324590470025855,
          "X_Lambert72": 154454.23,
          "Y_Lambert72": 208030.87,
          "X_Lambert2008": 654449.35,
          "Y_Lambert2008": 708031.51
        }
      }
    }
  ]
}