{
  "LocationResult": [
    {
      "Municipality": "Antwerpen",
      "Zipcode": "2600",
      "Thoroughfarename": "Driekoningenstraat",
      "Housenumber": "88",
      "ID": 341931,
      "FormattedAddress": "Driekoningenstraat 88, 2600 Antwerpen",
      "Location": {
        "Lat_WGS84": 51.196268402209554,
        "Lon_WGS84": 4.42105398027477,
        "X_Lambert72": 153655.64,
        "Y_Lambert72": 209589.26,
        "X_Lambert2008": 653650.58,
        "Y_Lambert2008": 709589.79
      },
      "LocationType": "basisregisters_huisnummer_afgeleidVanObject",
      "BoundingBox": {
        "LowerLeft": {
          "Lat_WGS84": 51.196268402209554,
          "Lon_WGS84": 4.42105398027477,
          "X_Lambert72": 153655.64,
          "Y_Lambert72": 209589.26,
          "X_Lambert2008": 653650.58,
          "Y_Lambert2008": 709589.79
        },
        "UpperRight": {
          "Lat_WGS84": 51.196268402209554,
          "Lon_WGS84": 4.42105398027477,
          "X_Lambert72": 153655.64,
          "Y_Lambert72": 209589.26,
          "X_Lambert2008": 653650.58,
          "Y_Lambert2008": 709589.79
        }
      }
    }
  ]
}