{
  "LocationResult": [
    {
      "Municipality": "Antwerpen",
      "Zipcode": "2000",
      "Thoroughfarename": "Saucierstraat",
      "Housenumber": "4",
      "ID": 1504124,
      "FormattedAddress": "Saucierstraat 4, 2000 Antwerpen",
      "Location": {
        "Lat_WGS84": 51.2240448087332,
        "Lon_WGS84": 4.399321883543912,
        "X_Lambert72": 152135.22,
        "Y_Lambert72": 212678.64,
        "X_Lambert2008": 652129.81,
        "Y_Lambert2008": 712678.96
      },
      "LocationType": "basisregisters_huisnummer_afgeleidVanObject",
      "BoundingBox": {
        "LowerLeft": {
          "Lat_WGS84": 51.2240448087332,
          "Lon_WGS84": 4.399321883543912,
          "X_Lambert72": 152135.22,
          "Y_Lambert72": 212678.64,
          "X_Lambert2008": 652129.81,
          "Y_Lambert2008": 712678.96
        },
        "UpperRight": {
          "Lat_WGS84": 51.2240448087332,
          "Lon_WGS84": 4.399321883543912,
          "X_Lambert72": 152135.22,
          "Y_Lambert72": 212678.64,
          "X_Lambert2008": 652129.81,
          "Y_Lambert2008": 712678.96
        }
      }
    }
  ]
}