{
  "LocationResult": [
    {
      "Municipality": "Antwerpen",
      "Zipcode": "2060",
      "Thoroughfarename": "Lange Beeldekensstraat",
      "Housenumber": "150",
      "ID": 543873,
      "FormattedAddress": "Lange Beeldekensstraat 150, 2060 Antwerpen",
      "Location": {
        "Lat_WGS84": 51.22118436688775,
        "Lon_WGS84": 4.42865578961283,
        "X_Lambert72": 154184.76,
        "Y_Lambert72": 212361.67,
        "X_Lambert2008": 654179.37,
        "Y_Lambert2008": 712362.24
      },
      "LocationType": "basisregisters_huisnummer_afgeleidVanObject",
      "BoundingBox": {
        "LowerLeft": {
          "Lat_WGS84": 51.22118436688775,
          "Lon_WGS84": 4.42865578961283,
          "X_Lambert72": 154184.76,
          "Y_Lambert72": 212361.67,
          "X_Lambert2008": 654179.37,
          "Y_Lambert2008": 712362.24
        },
        "UpperRight": {
          "Lat_WGS84": 51.22118436688775,
          "Lon_WGS84": 4.42865578961283,
          "X_Lambert72": 154184.76,
          "Y_Lambert72": 212361.67,
          "X_Lambert2008": 654179.37,
          "Y_Lambert2008": 712362.24
        }
      }
    }
  ]
}