{
  "LocationResult": [
    {
      "Municipality": "Antwerpen",
      "Zipcode": "2018",
      "Thoroughfarename": "Walvisstraat",
      "Housenumber": "25",
      "ID": 814130,
      "FormattedAddress": "Walvisstraat 25, 2018 Antwerpen",
      "Location": {
        "Lat_WGS84": 51.20846172002767,
        "Lon_WGS84": 4.430896149094342,
        "X_Lambert72": 154342.48,
        "Y_Lambert72": 210946.35,
        "X_Lambert2008": 654337.25,
        "Y_Lambert2008": 710946.95
      },
      "LocationType": "basisregisters_huisnummer_afgeleidVanObject",
      "BoundingBox": {
        "LowerLeft": {
          "Lat_WGS84": 51.20846172002767,
          "Lon_WGS84": 4.430896149094342,
          "X_Lambert72": 154342.48,
          "Y_Lambert72": 210946.35,
          "X_Lambert2008": 654337.25,
          "Y_Lambert2008": 710946.95
        },
        "UpperRight": {
          "Lat_WGS84": 51.20846172002767,
          "Lon_WGS84": 4.430896149094342,
          "X_Lambert72": 154342.48,
          "Y_Lambert72": 210946.35,
          "X_Lambert2008": 654337.25,
          "Y_Lambert2008": 710946.95
        }
      }
    }
  ]
}