{
  "LocationResult": [
    {
      "Municipality": "Antwerpen",
      "Zipcode": "2000",
      "Thoroughfarename": "Falconplein",
      "Housenumber": "31",
      "ID": 1783970,
      "FormattedAddress": "Falconplein 31, 2000 Antwerpen",
      "Location": {
        "Lat_WGS84": 51.22574205576143,
        "Lon_WGS84": 4.405311461580852,
        "X_Lambert72": 152553.56,
        "Y_Lambert72": 212867.66,
        "X_Lambert2008": 652548.12,
        "Y_Lambert2008": 712868.03
      },
      "LocationType": "basisregisters_huisnummer_afgeleidVanObject",
      "BoundingBox": {
        "LowerLeft": {
          "Lat_WGS84": 51.22574205576143,
          "Lon_WGS84": 4.405311461580852,
          "X_Lambert72": 152553.56,
          "Y_Lambert72": 212867.66,
          "X_Lambert2008": 652548.12,
          "Y_Lambert2008": 712868.03
        },
        "UpperRight": {
          "Lat_WGS84": 51.22574205576143,
          "Lon_WGS84": 4.405311461580852,
          "X_Lambert72": 152553.56,
          "Y_Lambert72": 212867.66,
          "X_Lambert2008": 652548.12,
          "Y_Lambert2008": 712868.03
        }
      }
    }
  ]
}