{
  "LocationResult": [
    {
      "Municipality": "Antwerpen",
      "Zipcode": "2040",
      "Thoroughfarename": "Antwerpsebaan",
      "Housenumber": "287",
      "ID": 2004116,
      "FormattedAddress": "Antwerpsebaan 287, 2040 Antwerpen",
      "Location": {
        "Lat_WGS84": 51.351979924735524,
        "Lon_WGS84": 4.322526266552371,
        "X_Lambert72": 146778.97,
        "Y_Lambert72": 226912.92,
        "X_Lambert2008": 646771.9,
        "Y_Lambert2008": 726912.49
      },
      "LocationType": "basisregisters_huisnummer_afgeleidVanObject",
      "BoundingBox": {
        "LowerLeft": {
          "Lat_WGS84": 51.351979924735524,
          "Lon_WGS84": 4.322526266552371,
          "X_Lambert72": 146778.97,
          "Y_Lambert72": 226912.92,
          "X_Lambert2008": 646771.9,
          "Y_Lambert2008": 726912.49
        },
        "UpperRight": {
          "Lat_WGS84": 51.351979924735524,
          "Lon_WGS84": 4.322526266552371,
          "X_Lambert72": 146778.97,
          "Y_Lambert72": 226912.92,
          "X_Lambert2008": 646771.9,
          "Y_Lambert2008": 726912.49
        }
      }
    }
  ]
}