{
  "LocationResult": [
    {
      "Municipality": "Antwerpen",
      "Zipcode": "2610",
      "Thoroughfarename": "Scheidingstraat",
      "Housenumber": "16",
      "ID": 1352787,
      "FormattedAddress": "Scheidingstraat 16, 2610 Antwerpen",
      "Location": {
        "Lat_WGS84": 51.182442159133394,
        "Lon_WGS84": 4.375688268125119,
        "X_Lambert72": 150484.64,
        "Y_Lambert72": 208049.75,
        "X_Lambert2008": 650479.79,
        "Y_Lambert2008": 708049.91
      },
      "LocationType": "basisregisters_huisnummer_afgeleidVanObject",
      "BoundingBox": {
        "LowerLeft": {
          "Lat_WGS84": 51.182442159133394,
          "Lon_WGS84": 4.375688268125119,
          "X_Lambert72": 150484.64,
          "Y_Lambert72": 208049.75,
          "X_Lambert2008": 650479.79,
          "Y_Lambert2008": 708049.91
        },
        "UpperRight": {
          "Lat_WGS84": 51.182442159133394,
          "Lon_WGS84": 4.375688268125119,
          "X_Lambert72": 150484.64,
          "Y_Lambert72": 208049.75,
          "X_Lambert2008": 650479.79,
          "Y_Lambert2008": 708049.91
        }
      }
    }
  ]
}