{
  "LocationResult": [
    {
      "Municipality": "Antwerpen",
      "Zipcode": "2000",
      "Thoroughfarename": "Hoogstraat",
      "Housenumber": "60",
      "ID": 2290592,
      "FormattedAddress": "Hoogstraat 60, 2000 Antwerpen",
      "Location": {
        "Lat_WGS84": 51.219070213294444,
        "Lon_WGS84": 4.39746877244496,
        "X_Lambert72": 152005.98,
        "Y_Lambert72": 212125.14,
        "X_Lambert2008": 652000.63,
        "Y_Lambert2008": 712125.45
      },
      "LocationType": "basisregisters_huisnummer_afgeleidVanObject",
      "BoundingBox": {
        "LowerLeft": {
          "Lat_WGS84": 51.219070213294444,
          "Lon_WGS84": 4.39746877244496,
          "X_Lambert72": 152005.98,
          "Y_Lambert72": 212125.14,
          "X_Lambert2008": 652000.63,
          "Y_Lambert2008": 712125.45
        },
        "UpperRight": {
          "Lat_WGS84": 51.219070213294444,
          "Lon_WGS84": 4.39746877244496,
          "X_Lambert72": 152005.98,
          "Y_Lambert72": 212125.14,
          "X_Lambert2008": 652000.63,
          "Y_Lambert2008": 712125.45
        }
      }
    }
  ]
}