{
  "LocationResult": [
    {
      "Municipality": "Antwerpen",
      "Zipcode": "2170",
      "Thoroughfarename": "Korte Bremstraat",
      "Housenumber": "18",
      "ID": 2416892,
      "FormattedAddress": "Korte Bremstraat 18, 2170 Antwerpen",
      "Location": {
        "Lat_WGS84": 51.256884166633924,
        "Lon_WGS84": 4.446862333448363,
        "X_Lambert72": 155452.54,
        "Y_Lambert72": 216334.66,
        "X_Lambert2008": 655446.66,
        "Y_Lambert2008": 716335.35
      },
      "LocationType": "basisregisters_huisnummer_afgeleidVanObject",
      "BoundingBox": {
        "LowerLeft": {
          "Lat_WGS84": 51.256884166633924,
          "Lon_WGS84": 4.446862333448363,
          "X_Lambert72": 155452.54,
          "Y_Lambert72": 216334.66,
          "X_Lambert2008": 655446.66,
          "Y_Lambert2008": 716335.35
        },
        "UpperRight": {
          "Lat_WGS84": 51.256884166633924,
          "Lon_WGS84": 4.446862333448363,
          "X_Lambert72": 155452.54,
          "Y_Lambert72": 216334.66,
          "X_Lambert2008": 655446.66,
          "Y_Lambert2008": 716335.35
        }
      }
    }
  ]
}