{
  "LocationResult": [
    {
      "Municipality": "Antwerpen",
      "Zipcode": "2060",
      "Thoroughfarename": "Congresstraat",
      "Housenumber": "1",
      "ID": 912574,
      "FormattedAddress": "Congresstraat 1, 2060 Antwerpen",
      "Location": {
        "Lat_WGS84": 51.218341368827986,
        "Lon_WGS84": 4.425534117222235,
        "X_Lambert72": 153966.91,
        "Y_Lambert72": 212045.2,
        "X_Lambert2008": 653961.56,
        "Y_Lambert2008": 712045.75
      },
      "LocationType": "basisregisters_huisnummer_aangeduidDoorBeheerder",
      "BoundingBox": {
        "LowerLeft": {
          "Lat_WGS84": 51.218341368827986,
          "Lon_WGS84": 4.425534117222235,
          "X_Lambert72": 153966.91,
          "Y_Lambert72": 212045.2,
          "X_Lambert2008": 653961.56,
          "Y_Lambert2008": 712045.75
        },
        "UpperRight": {
          "Lat_WGS84": 51.218341368827986,
          "Lon_WGS84": 4.425534117222235,
          "X_Lambert72": 153966.91,
          "Y_Lambert72": 212045.2,
          "X_Lambert2008": 653961.56,
          "Y_Lambert2008": 712045.75
        }
      }
    }
  ]
}