{
  "LocationResult": [
    {
      "Municipality": "Antwerpen",
      "Zipcode": "2018",
      "Thoroughfarename": "Van Eycklei",
      "Housenumber": "53",
      "ID": 811387,
      "FormattedAddress": "Van Eycklei 53, 2018 Antwerpen",
      "Location": {
        "Lat_WGS84": 51.20965116784214,
        "Lon_WGS84": 4.41764641826253,
        "X_Lambert72": 153416.45,
        "Y_Lambert72": 211077.98,
        "X_Lambert2008": 653411.22,
        "Y_Lambert2008": 711078.47
      },
      "LocationType": "basisregisters_huisnummer_afgeleidVanObject",
      "BoundingBox": {
        "LowerLeft": {
          "Lat_WGS84": 51.20965116784214,
          "Lon_WGS84": 4.41764641826253,
          "X_Lambert72": 153416.45,
          "Y_Lambert72": 211077.98,
          "X_Lambert2008": 653411.22,
          "Y_Lambert2008": 711078.47
        },
        "UpperRight": {
          "Lat_WGS84": 51.20965116784214,
          "Lon_WGS84": 4.41764641826253,
          "X_Lambert72": 153416.45,
          "Y_Lambert72": 211077.98,
          "X_Lambert2008": 653411.22,
          "Y_Lambert2008": 711078.47
        }
      }
    }
  ]
}