{
  "LocationResult": [
    {
      "Municipality": "Antwerpen",
      "Zipcode": "2018",
      "Thoroughfarename": "Korte Leemstraat",
      "Housenumber": "35",
      "ID": 1375761,
      "FormattedAddress": "Korte Leemstraat 35, 2018 Antwerpen",
      "Location": {
        "Lat_WGS84": 51.20796399019672,
        "Lon_WGS84": 4.4116113889844835,
        "X_Lambert72": 152994.82,
        "Y_Lambert72": 210890.01,
        "X_Lambert2008": 652989.61,
        "Y_Lambert2008": 710890.45
      },
      "LocationType": "basisregisters_huisnummer_afgeleidVanObject",
      "BoundingBox": {
        "LowerLeft": {
          "Lat_WGS84": 51.20796399019672,
          "Lon_WGS84": 4.4116113889844835,
          "X_Lambert72": 152994.82,
          "Y_Lambert72": 210890.01,
          "X_Lambert2008": 652989.61,
          "Y_Lambert2008": 710890.45
        },
        "UpperRight": {
          "Lat_WGS84": 51.20796399019672,
          "Lon_WGS84": 4.4116113889844835,
          "X_Lambert72": 152994.82,
          "Y_Lambert72": 210890.01,
          "X_Lambert2008": 652989.61,
          "Y_Lambert2008": 710890.45
        }
      }
    }
  ]
}