{
  "LocationResult": [
    {
      "Municipality": "Antwerpen",
      "Zipcode": "2018",
      "Thoroughfarename": "Maria-Theresialei",
      "Housenumber": "7",
      "ID": 2501477,
      "FormattedAddress": "Maria-Theresialei 7, 2018 Antwerpen",
      "Location": {
        "Lat_WGS84": 51.21573181837433,
        "Lon_WGS84": 4.4148118692948435,
        "X_Lambert72": 153217.94,
        "Y_Lambert72": 211754.35,
        "X_Lambert2008": 653212.63,
        "Y_Lambert2008": 711754.81
      },
      "LocationType": "basisregisters_huisnummer_afgeleidVanObject",
      "BoundingBox": {
        "LowerLeft": {
          "Lat_WGS84": 51.21573181837433,
          "Lon_WGS84": 4.4148118692948435,
          "X_Lambert72": 153217.94,
          "Y_Lambert72": 211754.35,
          "X_Lambert2008": 653212.63,
          "Y_Lambert2008": 711754.81
        },
        "UpperRight": {
          "Lat_WGS84": 51.21573181837433,
          "Lon_WGS84": 4.4148118692948435,
          "X_Lambert72": 153217.94,
          "Y_Lambert72": 211754.35,
          "X_Lambert2008": 653212.63,
          "Y_Lambert2008": 711754.81
        }
      }
    }
  ]
}