{
  "LocationResult": [
    {
      "Municipality": "Antwerpen",
      "Zipcode": "2140",
      "Thoroughfarename": "Lode Cantensstraat",
      "Housenumber": "5",
      "ID": 1927695,
      "FormattedAddress": "Lode Cantensstraat 5, 2140 Antwerpen",
      "Location": {
        "Lat_WGS84": 51.204874049196285,
        "Lon_WGS84": 4.44534448493293,
        "X_Lambert72": 155352.6,
        "Y_Lambert72": 210548.16,
        "X_Lambert2008": 655347.41,
        "Y_Lambert2008": 710548.88
      },
      "LocationType": "basisregisters_huisnummer_afgeleidVanObject",
      "BoundingBox": {
        "LowerLeft": {
          "Lat_WGS84": 51.204874049196285,
          "Lon_WGS84": 4.44534448493293,
          "X_Lambert72": 155352.6,
          "Y_Lambert72": 210548.16,
          "X_Lambert2008": 655347.41,
          "Y_Lambert2008": 710548.88
        },
        "UpperRight": {
          "Lat_WGS84": 51.204874049196285,
          "Lon_WGS84": 4.44534448493293,
          "X_Lambert72": 155352.6,
          "Y_Lambert72": 210548.16,
          "X_Lambert2008": 655347.41,
          "Y_Lambert2008": 710548.88
        }
      }
    }
  ]
}