{
  "LocationResult": [
    {
      "Municipality": "Antwerpen",
      "Zipcode": "2610",
      "Thoroughfarename": "Sint-Augustinuslaan",
      "Housenumber": "1",
      "ID": 367484,
      "FormattedAddress": "Sint-Augustinuslaan 1, 2610 Antwerpen",
      "Location": {
        "Lat_WGS84": 51.17337380443918,
        "Lon_WGS84": 4.417206656311219,
        "X_Lambert72": 153388.39,
        "Y_Lambert72": 207041.98,
        "X_Lambert2008": 653383.64,
        "Y_Lambert2008": 707042.5
      },
      "LocationType": "basisregisters_huisnummer_afgeleidVanObject",
      "BoundingBox": {
        "LowerLeft": {
          "Lat_WGS84": 51.17337380443918,
          "Lon_WGS84": 4.417206656311219,
          "X_Lambert72": 153388.39,
          "Y_Lambert72": 207041.98,
          "X_Lambert2008": 653383.64,
          "Y_Lambert2008": 707042.5
        },
        "UpperRight": {
          "Lat_WGS84": 51.17337380443918,
          "Lon_WGS84": 4.417206656311219,
          "X_Lambert72": 153388.39,
          "Y_Lambert72": 207041.98,
          "X_Lambert2008": 653383.64,
          "Y_Lambert2008": 707042.5
        }
      }
    }
  ]
}