{
  "LocationResult": [
    {
      "Municipality": "Antwerpen",
      "Zipcode": "2000",
      "Thoroughfarename": "Stadswaag",
      "Housenumber": "17",
      "ID": 1967768,
      "FormattedAddress": "Stadswaag 17, 2000 Antwerpen",
      "Location": {
        "Lat_WGS84": 51.22367810389866,
        "Lon_WGS84": 4.407111389464845,
        "X_Lambert72": 152679.42,
        "Y_Lambert72": 212638.1,
        "X_Lambert2008": 652674.01,
        "Y_Lambert2008": 712638.49
      },
      "LocationType": "basisregisters_huisnummer_afgeleidVanObject",
      "BoundingBox": {
        "LowerLeft": {
          "Lat_WGS84": 51.22367810389866,
          "Lon_WGS84": 4.407111389464845,
          "X_Lambert72": 152679.42,
          "Y_Lambert72": 212638.1,
          "X_Lambert2008": 652674.01,
          "Y_Lambert2008": 712638.49
        },
        "UpperRight": {
          "Lat_WGS84": 51.22367810389866,
          "Lon_WGS84": 4.407111389464845,
          "X_Lambert72": 152679.42,
          "Y_Lambert72": 212638.1,
          "X_Lambert2008": 652674.01,
          "Y_Lambert2008": 712638.49
        }
      }
    }
  ]
}