{
  "LocationResult": [
    {
      "Municipality": "Antwerpen",
      "Zipcode": "2170",
      "Thoroughfarename": "Bredabaan",
      "Housenumber": "500",
      "ID": 941259,
      "FormattedAddress": "Bredabaan 500, 2170 Antwerpen",
      "Location": {
        "Lat_WGS84": 51.24508106049777,
        "Lon_WGS84": 4.446262242777681,
        "X_Lambert72": 155412.03,
        "Y_Lambert72": 215021.45,
        "X_Lambert2008": 655406.31,
        "Y_Lambert2008": 715022.14
      },
      "LocationType": "basisregisters_huisnummer_afgeleidVanObject",
      "BoundingBox": {
        "LowerLeft": {
          "Lat_WGS84": 51.24508106049777,
          "Lon_WGS84": 4.446262242777681,
          "X_Lambert72": 155412.03,
          "Y_Lambert72": 215021.45,
          "X_Lambert2008": 655406.31,
          "Y_Lambert2008": 715022.14
        },
        "UpperRight": {
          "Lat_WGS84": 51.24508106049777,
          "Lon_WGS84": 4.446262242777681,
          "X_Lambert72": 155412.03,
          "Y_Lambert72": 215021.45,
          "X_Lambert2008": 655406.31,
          "Y_Lambert2008": 715022.14
        }
      }
    }
  ]
}