{
  "LocationResult": [
    {
      "Municipality": "Antwerpen",
      "Zipcode": "2600",
      "Thoroughfarename": "Statiestraat",
      "Housenumber": "163",
      "ID": 2483064,
      "FormattedAddress": "Statiestraat 163, 2600 Antwerpen",
      "Location": {
        "Lat_WGS84": 51.19938159282735,
        "Lon_WGS84": 4.429866283842308,
        "X_Lambert72": 154271.35,
        "Y_Lambert72": 209936.09,
        "X_Lambert2008": 654266.24,
        "Y_Lambert2008": 709936.69
      },
      "LocationType": "basisregisters_huisnummer_afgeleidVanObject",
      "BoundingBox": {
        "LowerLeft": {
          "Lat_WGS84": 51.19938159282735,
          "Lon_WGS84": 4.429866283842308,
          "X_Lambert72": 154271.35,
          "Y_Lambert72": 209936.09,
          "X_Lambert2008": 654266.24,
          "Y_Lambert2008": 709936.69
        },
        "UpperRight": {
          "Lat_WGS84": 51.19938159282735,
          "Lon_WGS84": 4.429866283842308,
          "X_Lambert72": 154271.35,
          "Y_Lambert72": 209936.09,
          "X_Lambert2008": 654266.24,
          "Y_Lambert2008": 709936.69
        }
      }
    }
  ]
}