{
  "LocationResult": [
    {
      "Municipality": "Antwerpen",
      "Zipcode": "2100",
      "Thoroughfarename": "Van Lissumstraat",
      "Housenumber": "78",
      "ID": 1281833,
      "FormattedAddress": "Van Lissumstraat 78, 2100 Antwerpen",
      "Location": {
        "Lat_WGS84": 51.205988654482326,
        "Lon_WGS84": 4.455845349713658,
        "X_Lambert72": 156086.35,
        "Y_Lambert72": 210672.98,
        "X_Lambert2008": 656081.14,
        "Y_Lambert2008": 710673.79
      },
      "LocationType": "basisregisters_huisnummer_afgeleidVanObject",
      "BoundingBox": {
        "LowerLeft": {
          "Lat_WGS84": 51.205988654482326,
          "Lon_WGS84": 4.455845349713658,
          "X_Lambert72": 156086.35,
          "Y_Lambert72": 210672.98,
          "X_Lambert2008": 656081.14,
          "Y_Lambert2008": 710673.79
        },
        "UpperRight": {
          "Lat_WGS84": 51.205988654482326,
          "Lon_WGS84": 4.455845349713658,
          "X_Lambert72": 156086.35,
          "Y_Lambert72": 210672.98,
          "X_Lambert2008": 656081.14,
          "Y_Lambert2008": 710673.79
        }
      }
    }
  ]
}