{
  "LocationResult": [
    {
      "Municipality": "Antwerpen",
      "Zipcode": "2140",
      "Thoroughfarename": "Lode Cantensstraat",
      "Housenumber": "3",
      "ID": 2219684,
      "FormattedAddress": "Lode Cantensstraat 3, 2140 Antwerpen",
      "Location": {
        "Lat_WGS84": 51.20488280169923,
        "Lon_WGS84": 4.4454303496692695,
        "X_Lambert72": 155358.6,
        "Y_Lambert72": 210549.14,
        "X_Lambert2008": 655353.41,
        "Y_Lambert2008": 710549.86
      },
      "LocationType": "basisregisters_huisnummer_afgeleidVanObject",
      "BoundingBox": {
        "LowerLeft": {
          "Lat_WGS84": 51.20488280169923,
          "Lon_WGS84": 4.4454303496692695,
          "X_Lambert72": 155358.6,
          "Y_Lambert72": 210549.14,
          "X_Lambert2008": 655353.41,
          "Y_Lambert2008": 710549.86
        },
        "UpperRight": {
          "Lat_WGS84": 51.20488280169923,
          "Lon_WGS84": 4.4454303496692695,
          "X_Lambert72": 155358.6,
          "Y_Lambert72": 210549.14,
          "X_Lambert2008": 655353.41,
          "Y_Lambert2008": 710549.86
        }
      }
    }
  ]
}