{
  "LocationResult": [
    {
      "Municipality": "Antwerpen",
      "Zipcode": "2060",
      "Thoroughfarename": "Diepestraat",
      "Housenumber": "82",
      "ID": 1406546,
      "FormattedAddress": "Diepestraat 82, 2060 Antwerpen",
      "Location": {
        "Lat_WGS84": 51.22348982249523,
        "Lon_WGS84": 4.424236451176791,
        "X_Lambert72": 153875.81,
        "Y_Lambert72": 212617.92,
        "X_Lambert2008": 653870.39,
        "Y_Lambert2008": 712618.45
      },
      "LocationType": "basisregisters_huisnummer_afgeleidVanObject",
      "BoundingBox": {
        "LowerLeft": {
          "Lat_WGS84": 51.22348982249523,
          "Lon_WGS84": 4.424236451176791,
          "X_Lambert72": 153875.81,
          "Y_Lambert72": 212617.92,
          "X_Lambert2008": 653870.39,
          "Y_Lambert2008": 712618.45
        },
        "UpperRight": {
          "Lat_WGS84": 51.22348982249523,
          "Lon_WGS84": 4.424236451176791,
          "X_Lambert72": 153875.81,
          "Y_Lambert72": 212617.92,
          "X_Lambert2008": 653870.39,
          "Y_Lambert2008": 712618.45
        }
      }
    }
  ]
}