{
  "LocationResult": [
    {
      "Municipality": "Antwerpen",
      "Zipcode": "2600",
      "Thoroughfarename": "Baron de Catersstraat",
      "Housenumber": "7",
      "ID": 1095816,
      "FormattedAddress": "Baron de Catersstraat 7, 2600 Antwerpen",
      "Location": {
        "Lat_WGS84": 51.19710835732624,
        "Lon_WGS84": 4.424206685780365,
        "X_Lambert72": 153875.95,
        "Y_Lambert72": 209682.87,
        "X_Lambert2008": 653870.88,
        "Y_Lambert2008": 709683.42
      },
      "LocationType": "basisregisters_huisnummer_afgeleidVanObject",
      "BoundingBox": {
        "LowerLeft": {
          "Lat_WGS84": 51.19710835732624,
          "Lon_WGS84": 4.424206685780365,
          "X_Lambert72": 153875.95,
          "Y_Lambert72": 209682.87,
          "X_Lambert2008": 653870.88,
          "Y_Lambert2008": 709683.42
        },
        "UpperRight": {
          "Lat_WGS84": 51.19710835732624,
          "Lon_WGS84": 4.424206685780365,
          "X_Lambert72": 153875.95,
          "Y_Lambert72": 209682.87,
          "X_Lambert2008": 653870.88,
          "Y_Lambert2008": 709683.42
        }
      }
    }
  ]
}