{
  "LocationResult": [
    {
      "Municipality": "Antwerpen",
      "Zipcode": "2000",
      "Thoroughfarename": "Londenstraat",
      "Housenumber": "4",
      "ID": 1006897,
      "FormattedAddress": "Londenstraat 4, 2000 Antwerpen",
      "Location": {
        "Lat_WGS84": 51.230714777846615,
        "Lon_WGS84": 4.408325150060458,
        "X_Lambert72": 152763.79,
        "Y_Lambert72": 213421.01,
        "X_Lambert2008": 652758.28,
        "Y_Lambert2008": 713421.4
      },
      "LocationType": "basisregisters_huisnummer_afgeleidVanObject",
      "BoundingBox": {
        "LowerLeft": {
          "Lat_WGS84": 51.230714777846615,
          "Lon_WGS84": 4.408325150060458,
          "X_Lambert72": 152763.79,
          "Y_Lambert72": 213421.01,
          "X_Lambert2008": 652758.28,
          "Y_Lambert2008": 713421.4
        },
        "UpperRight": {
          "Lat_WGS84": 51.230714777846615,
          "Lon_WGS84": 4.408325150060458,
          "X_Lambert72": 152763.79,
          "Y_Lambert72": 213421.01,
          "X_Lambert2008": 652758.28,
          "Y_Lambert2008": 713421.4
        }
      }
    }
  ]
}