{
  "LocationResult": [
    {
      "Municipality": "Antwerpen",
      "Zipcode": "2018",
      "Thoroughfarename": "Brederodestraat",
      "Housenumber": "184",
      "ID": 329724,
      "FormattedAddress": "Brederodestraat 184, 2018 Antwerpen",
      "Location": {
        "Lat_WGS84": 51.20093186082672,
        "Lon_WGS84": 4.390869750953585,
        "X_Lambert72": 151545.54,
        "Y_Lambert72": 210107.01,
        "X_Lambert2008": 651540.44,
        "Y_Lambert2008": 710107.28
      },
      "LocationType": "basisregisters_huisnummer_afgeleidVanObject",
      "BoundingBox": {
        "LowerLeft": {
          "Lat_WGS84": 51.20093186082672,
          "Lon_WGS84": 4.390869750953585,
          "X_Lambert72": 151545.54,
          "Y_Lambert72": 210107.01,
          "X_Lambert2008": 651540.44,
          "Y_Lambert2008": 710107.28
        },
        "UpperRight": {
          "Lat_WGS84": 51.20093186082672,
          "Lon_WGS84": 4.390869750953585,
          "X_Lambert72": 151545.54,
          "Y_Lambert72": 210107.01,
          "X_Lambert2008": 651540.44,
          "Y_Lambert2008": 710107.28
        }
      }
    }
  ]
}