{
  "LocationResult": [
    {
      "Municipality": "Antwerpen",
      "Zipcode": "2170",
      "Thoroughfarename": "Laarbekestraat",
      "Housenumber": "17",
      "ID": 816507,
      "FormattedAddress": "Laarbekestraat 17, 2170 Antwerpen",
      "Location": {
        "Lat_WGS84": 51.24698642139983,
        "Lon_WGS84": 4.429643998332573,
        "X_Lambert72": 154251.42,
        "Y_Lambert72": 215232.34,
        "X_Lambert2008": 654245.68,
        "Y_Lambert2008": 715232.89
      },
      "LocationType": "basisregisters_huisnummer_afgeleidVanObject",
      "BoundingBox": {
        "LowerLeft": {
          "Lat_WGS84": 51.24698642139983,
          "Lon_WGS84": 4.429643998332573,
          "X_Lambert72": 154251.42,
          "Y_Lambert72": 215232.34,
          "X_Lambert2008": 654245.68,
          "Y_Lambert2008": 715232.89
        },
        "UpperRight": {
          "Lat_WGS84": 51.24698642139983,
          "Lon_WGS84": 4.429643998332573,
          "X_Lambert72": 154251.42,
          "Y_Lambert72": 215232.34,
          "X_Lambert2008": 654245.68,
          "Y_Lambert2008": 715232.89
        }
      }
    }
  ]
}