{
  "LocationResult": [
    {
      "Municipality": "Antwerpen",
      "Zipcode": "2060",
      "Thoroughfarename": "Sint-Willibrordusstraat",
      "Housenumber": "45",
      "ID": 30291423,
      "FormattedAddress": "Sint-Willibrordusstraat 45, 2060 Antwerpen",
      "Location": {
        "Lat_WGS84": 51.21978030885431,
        "Lon_WGS84": 4.431028624988275,
        "X_Lambert72": 154350.67,
        "Y_Lambert72": 212205.6,
        "X_Lambert2008": 654345.29,
        "Y_Lambert2008": 712206.19
      },
      "LocationType": "basisregisters_huisnummer_afgeleidVanObject",
      "BoundingBox": {
        "LowerLeft": {
          "Lat_WGS84": 51.21978030885431,
          "Lon_WGS84": 4.431028624988275,
          "X_Lambert72": 154350.67,
          "Y_Lambert72": 212205.6,
          "X_Lambert2008": 654345.29,
          "Y_Lambert2008": 712206.19
        },
        "UpperRight": {
          "Lat_WGS84": 51.21978030885431,
          "Lon_WGS84": 4.431028624988275,
          "X_Lambert72": 154350.67,
          "Y_Lambert72": 212205.6,
          "X_Lambert2008": 654345.29,
          "Y_Lambert2008": 712206.19
        }
      }
    }
  ]
}