{
  "LocationResult": [
    {
      "Municipality": "Antwerpen",
      "Zipcode": "2180",
      "Thoroughfarename": "Driehoekstraat",
      "Housenumber": "224",
      "ID": 1465439,
      "FormattedAddress": "Driehoekstraat 224, 2180 Antwerpen",
      "Location": {
        "Lat_WGS84": 51.28582771976331,
        "Lon_WGS84": 4.424727040159032,
        "X_Lambert72": 153904.79,
        "Y_Lambert72": 219553.42,
        "X_Lambert2008": 653898.54,
        "Y_Lambert2008": 719553.9
      },
      "LocationType": "basisregisters_huisnummer_afgeleidVanObject",
      "BoundingBox": {
        "LowerLeft": {
          "Lat_WGS84": 51.28582771976331,
          "Lon_WGS84": 4.424727040159032,
          "X_Lambert72": 153904.79,
          "Y_Lambert72": 219553.42,
          "X_Lambert2008": 653898.54,
          "Y_Lambert2008": 719553.9
        },
        "UpperRight": {
          "Lat_WGS84": 51.28582771976331,
          "Lon_WGS84": 4.424727040159032,
          "X_Lambert72": 153904.79,
          "Y_Lambert72": 219553.42,
          "X_Lambert2008": 653898.54,
          "Y_Lambert2008": 719553.9
        }
      }
    }
  ]
}