{
  "LocationResult": [
    {
      "Municipality": "Antwerpen",
      "Zipcode": "2000",
      "Thoroughfarename": "Museumstraat",
      "Housenumber": "4",
      "ID": 2343566,
      "FormattedAddress": "Museumstraat 4, 2000 Antwerpen",
      "Location": {
        "Lat_WGS84": 51.2099689934333,
        "Lon_WGS84": 4.391459876247139,
        "X_Lambert72": 151586.47,
        "Y_Lambert72": 211112.44,
        "X_Lambert2008": 651581.25,
        "Y_Lambert2008": 711112.71
      },
      "LocationType": "basisregisters_huisnummer_afgeleidVanObject",
      "BoundingBox": {
        "LowerLeft": {
          "Lat_WGS84": 51.2099689934333,
          "Lon_WGS84": 4.391459876247139,
          "X_Lambert72": 151586.47,
          "Y_Lambert72": 211112.44,
          "X_Lambert2008": 651581.25,
          "Y_Lambert2008": 711112.71
        },
        "UpperRight": {
          "Lat_WGS84": 51.2099689934333,
          "Lon_WGS84": 4.391459876247139,
          "X_Lambert72": 151586.47,
          "Y_Lambert72": 211112.44,
          "X_Lambert2008": 651581.25,
          "Y_Lambert2008": 711112.71
        }
      }
    }
  ]
}