{
  "LocationResult": [
    {
      "Municipality": "Antwerpen",
      "Zipcode": "2018",
      "Thoroughfarename": "Provinciestraat",
      "Housenumber": "163",
      "ID": 1714676,
      "FormattedAddress": "Provinciestraat 163, 2018 Antwerpen",
      "Location": {
        "Lat_WGS84": 51.21261668196396,
        "Lon_WGS84": 4.426390142857613,
        "X_Lambert72": 154027.22,
        "Y_Lambert72": 211408.35,
        "X_Lambert2008": 654021.94,
        "Y_Lambert2008": 711408.91
      },
      "LocationType": "basisregisters_huisnummer_afgeleidVanObject",
      "BoundingBox": {
        "LowerLeft": {
          "Lat_WGS84": 51.21261668196396,
          "Lon_WGS84": 4.426390142857613,
          "X_Lambert72": 154027.22,
          "Y_Lambert72": 211408.35,
          "X_Lambert2008": 654021.94,
          "Y_Lambert2008": 711408.91
        },
        "UpperRight": {
          "Lat_WGS84": 51.21261668196396,
          "Lon_WGS84": 4.426390142857613,
          "X_Lambert72": 154027.22,
          "Y_Lambert72": 211408.35,
          "X_Lambert2008": 654021.94,
          "Y_Lambert2008": 711408.91
        }
      }
    }
  ]
}