{
  "LocationResult": [
    {
      "Municipality": "Antwerpen",
      "Zipcode": "2000",
      "Thoroughfarename": "Paardenmarkt",
      "Housenumber": "23",
      "ID": 2068830,
      "FormattedAddress": "Paardenmarkt 23, 2000 Antwerpen",
      "Location": {
        "Lat_WGS84": 51.22520467764515,
        "Lon_WGS84": 4.4082201890078245,
        "X_Lambert72": 152756.79,
        "Y_Lambert72": 212807.98,
        "X_Lambert2008": 652751.35,
        "Y_Lambert2008": 712808.37
      },
      "LocationType": "basisregisters_huisnummer_afgeleidVanObject",
      "BoundingBox": {
        "LowerLeft": {
          "Lat_WGS84": 51.22520467764515,
          "Lon_WGS84": 4.4082201890078245,
          "X_Lambert72": 152756.79,
          "Y_Lambert72": 212807.98,
          "X_Lambert2008": 652751.35,
          "Y_Lambert2008": 712808.37
        },
        "UpperRight": {
          "Lat_WGS84": 51.22520467764515,
          "Lon_WGS84": 4.4082201890078245,
          "X_Lambert72": 152756.79,
          "Y_Lambert72": 212807.98,
          "X_Lambert2008": 652751.35,
          "Y_Lambert2008": 712808.37
        }
      }
    }
  ]
}