{
  "LocationResult": [
    {
      "Municipality": "Antwerpen",
      "Zipcode": "2060",
      "Thoroughfarename": "Schoolstraat",
      "Housenumber": "53",
      "ID": 645157,
      "FormattedAddress": "Schoolstraat 53, 2060 Antwerpen",
      "Location": {
        "Lat_WGS84": 51.225561187868045,
        "Lon_WGS84": 4.432693790528916,
        "X_Lambert72": 154466.45,
        "Y_Lambert72": 212848.85,
        "X_Lambert2008": 654461.0,
        "Y_Lambert2008": 712849.45
      },
      "LocationType": "basisregisters_huisnummer_afgeleidVanObject",
      "BoundingBox": {
        "LowerLeft": {
          "Lat_WGS84": 51.225561187868045,
          "Lon_WGS84": 4.432693790528916,
          "X_Lambert72": 154466.45,
          "Y_Lambert72": 212848.85,
          "X_Lambert2008": 654461.0,
          "Y_Lambert2008": 712849.45
        },
        "UpperRight": {
          "Lat_WGS84": 51.225561187868045,
          "Lon_WGS84": 4.432693790528916,
          "X_Lambert72": 154466.45,
          "Y_Lambert72": 212848.85,
          "X_Lambert2008": 654461.0,
          "Y_Lambert2008": 712849.45
        }
      }
    }
  ]
}