{
  "LocationResult": [
    {
      "Municipality": "Antwerpen",
      "Zipcode": "2600",
      "Thoroughfarename": "Lodewijk Van Berckenlaan",
      "Housenumber": "68",
      "ID": 784187,
      "FormattedAddress": "Lodewijk Van Berckenlaan 68, 2600 Antwerpen",
      "Location": {
        "Lat_WGS84": 51.19693649692233,
        "Lon_WGS84": 4.439524127300281,
        "X_Lambert72": 154946.67,
        "Y_Lambert72": 209664.67,
        "X_Lambert2008": 654941.59,
        "Y_Lambert2008": 709665.35
      },
      "LocationType": "basisregisters_huisnummer_afgeleidVanObject",
      "BoundingBox": {
        "LowerLeft": {
          "Lat_WGS84": 51.19693649692233,
          "Lon_WGS84": 4.439524127300281,
          "X_Lambert72": 154946.67,
          "Y_Lambert72": 209664.67,
          "X_Lambert2008": 654941.59,
          "Y_Lambert2008": 709665.35
        },
        "UpperRight": {
          "Lat_WGS84": 51.19693649692233,
          "Lon_WGS84": 4.439524127300281,
          "X_Lambert72": 154946.67,
          "Y_Lambert72": 209664.67,
          "X_Lambert2008": 654941.59,
          "Y_Lambert2008": 709665.35
        }
      }
    }
  ]
}