{
  "LocationResult": [
    {
      "Municipality": "Antwerpen",
      "Zipcode": "2018",
      "Thoroughfarename": "Lange Kievitstraat",
      "Housenumber": "36",
      "ID": 2260966,
      "FormattedAddress": "Lange Kievitstraat 36, 2018 Antwerpen",
      "Location": {
        "Lat_WGS84": 51.212786747638006,
        "Lon_WGS84": 4.419404112387784,
        "X_Lambert72": 153539.04,
        "Y_Lambert72": 211426.91,
        "X_Lambert2008": 653533.76,
        "Y_Lambert2008": 711427.41
      },
      "LocationType": "basisregisters_huisnummer_afgeleidVanObject",
      "BoundingBox": {
        "LowerLeft": {
          "Lat_WGS84": 51.212786747638006,
          "Lon_WGS84": 4.419404112387784,
          "X_Lambert72": 153539.04,
          "Y_Lambert72": 211426.91,
          "X_Lambert2008": 653533.76,
          "Y_Lambert2008": 711427.41
        },
        "UpperRight": {
          "Lat_WGS84": 51.212786747638006,
          "Lon_WGS84": 4.419404112387784,
          "X_Lambert72": 153539.04,
          "Y_Lambert72": 211426.91,
          "X_Lambert2008": 653533.76,
          "Y_Lambert2008": 711427.41
        }
      }
    }
  ]
}