{
  "LocationResult": [
    {
      "Municipality": "Antwerpen",
      "Zipcode": "2018",
      "Thoroughfarename": "Lange Kievitstraat",
      "Housenumber": "54",
      "ID": 342447,
      "FormattedAddress": "Lange Kievitstraat 54, 2018 Antwerpen",
      "Location": {
        "Lat_WGS84": 51.21273341137758,
        "Lon_WGS84": 4.420100702276796,
        "X_Lambert72": 153587.72,
        "Y_Lambert72": 211421.01,
        "X_Lambert2008": 653582.44,
        "Y_Lambert2008": 711421.51
      },
      "LocationType": "basisregisters_huisnummer_afgeleidVanObject",
      "BoundingBox": {
        "LowerLeft": {
          "Lat_WGS84": 51.21273341137758,
          "Lon_WGS84": 4.420100702276796,
          "X_Lambert72": 153587.72,
          "Y_Lambert72": 211421.01,
          "X_Lambert2008": 653582.44,
          "Y_Lambert2008": 711421.51
        },
        "UpperRight": {
          "Lat_WGS84": 51.21273341137758,
          "Lon_WGS84": 4.420100702276796,
          "X_Lambert72": 153587.72,
          "Y_Lambert72": 211421.01,
          "X_Lambert2008": 653582.44,
          "Y_Lambert2008": 711421.51
        }
      }
    }
  ]
}