{
  "LocationResult": [
    {
      "Municipality": "Antwerpen",
      "Zipcode": "2000",
      "Thoroughfarename": "Toog",
      "Housenumber": "1",
      "ID": 2023031,
      "FormattedAddress": "Toog 1, 2000 Antwerpen",
      "Location": {
        "Lat_WGS84": 51.224774965754534,
        "Lon_WGS84": 4.409714822254998,
        "X_Lambert72": 152861.23,
        "Y_Lambert72": 212760.23,
        "X_Lambert2008": 652855.8,
        "Y_Lambert2008": 712760.64
      },
      "LocationType": "basisregisters_huisnummer_afgeleidVanObject",
      "BoundingBox": {
        "LowerLeft": {
          "Lat_WGS84": 51.224774965754534,
          "Lon_WGS84": 4.409714822254998,
          "X_Lambert72": 152861.23,
          "Y_Lambert72": 212760.23,
          "X_Lambert2008": 652855.8,
          "Y_Lambert2008": 712760.64
        },
        "UpperRight": {
          "Lat_WGS84": 51.224774965754534,
          "Lon_WGS84": 4.409714822254998,
          "X_Lambert72": 152861.23,
          "Y_Lambert72": 212760.23,
          "X_Lambert2008": 652855.8,
          "Y_Lambert2008": 712760.64
        }
      }
    }
  ]
}