{
  "LocationResult": [
    {
      "Municipality": "Antwerpen",
      "Zipcode": "2140",
      "Thoroughfarename": "Mellaertsstraat",
      "Housenumber": "18",
      "ID": 536392,
      "FormattedAddress": "Mellaertsstraat 18, 2140 Antwerpen",
      "Location": {
        "Lat_WGS84": 51.21350893621093,
        "Lon_WGS84": 4.434926349013641,
        "X_Lambert72": 154623.62,
        "Y_Lambert72": 211508.12,
        "X_Lambert2008": 654618.32,
        "Y_Lambert2008": 711508.75
      },
      "LocationType": "basisregisters_huisnummer_afgeleidVanObject",
      "BoundingBox": {
        "LowerLeft": {
          "Lat_WGS84": 51.21350893621093,
          "Lon_WGS84": 4.434926349013641,
          "X_Lambert72": 154623.62,
          "Y_Lambert72": 211508.12,
          "X_Lambert2008": 654618.32,
          "Y_Lambert2008": 711508.75
        },
        "UpperRight": {
          "Lat_WGS84": 51.21350893621093,
          "Lon_WGS84": 4.434926349013641,
          "X_Lambert72": 154623.62,
          "Y_Lambert72": 211508.12,
          "X_Lambert2008": 654618.32,
          "Y_Lambert2008": 711508.75
        }
      }
    }
  ]
}