{
  "LocationResult": [
    {
      "Municipality": "Antwerpen",
      "Zipcode": "2140",
      "Thoroughfarename": "Marinisstraat",
      "Housenumber": "2",
      "ID": 1405661,
      "FormattedAddress": "Marinisstraat 2, 2140 Antwerpen",
      "Location": {
        "Lat_WGS84": 51.21090822557401,
        "Lon_WGS84": 4.428237601695175,
        "X_Lambert72": 154156.47,
        "Y_Lambert72": 211218.38,
        "X_Lambert2008": 654151.21,
        "Y_Lambert2008": 711218.95
      },
      "LocationType": "basisregisters_huisnummer_afgeleidVanObject",
      "BoundingBox": {
        "LowerLeft": {
          "Lat_WGS84": 51.21090822557401,
          "Lon_WGS84": 4.428237601695175,
          "X_Lambert72": 154156.47,
          "Y_Lambert72": 211218.38,
          "X_Lambert2008": 654151.21,
          "Y_Lambert2008": 711218.95
        },
        "UpperRight": {
          "Lat_WGS84": 51.21090822557401,
          "Lon_WGS84": 4.428237601695175,
          "X_Lambert72": 154156.47,
          "Y_Lambert72": 211218.38,
          "X_Lambert2008": 654151.21,
          "Y_Lambert2008": 711218.95
        }
      }
    }
  ]
}