{
  "LocationResult": [
    {
      "Municipality": "Antwerpen",
      "Zipcode": "2060",
      "Thoroughfarename": "Muizenstraat",
      "Housenumber": "23",
      "ID": 795299,
      "FormattedAddress": "Muizenstraat 23, 2060 Antwerpen",
      "Location": {
        "Lat_WGS84": 51.22258073066335,
        "Lon_WGS84": 4.421537634056288,
        "X_Lambert72": 153687.34,
        "Y_Lambert72": 212516.64,
        "X_Lambert2008": 653681.93,
        "Y_Lambert2008": 712517.15
      },
      "LocationType": "basisregisters_huisnummer_afgeleidVanObject",
      "BoundingBox": {
        "LowerLeft": {
          "Lat_WGS84": 51.22258073066335,
          "Lon_WGS84": 4.421537634056288,
          "X_Lambert72": 153687.34,
          "Y_Lambert72": 212516.64,
          "X_Lambert2008": 653681.93,
          "Y_Lambert2008": 712517.15
        },
        "UpperRight": {
          "Lat_WGS84": 51.22258073066335,
          "Lon_WGS84": 4.421537634056288,
          "X_Lambert72": 153687.34,
          "Y_Lambert72": 212516.64,
          "X_Lambert2008": 653681.93,
          "Y_Lambert2008": 712517.15
        }
      }
    }
  ]
}