{
  "LocationResult": [
    {
      "Municipality": "Antwerpen",
      "Zipcode": "2600",
      "Thoroughfarename": "Arthur Sterckstraat",
      "Housenumber": "9",
      "ID": 30169203,
      "FormattedAddress": "Arthur Sterckstraat 9, 2600 Antwerpen",
      "Location": {
        "Lat_WGS84": 51.198631882221854,
        "Lon_WGS84": 4.428441798553734,
        "X_Lambert72": 154171.85,
        "Y_Lambert72": 209852.6,
        "X_Lambert2008": 654166.76,
        "Y_Lambert2008": 709853.19
      },
      "LocationType": "basisregisters_huisnummer_afgeleidVanObject",
      "BoundingBox": {
        "LowerLeft": {
          "Lat_WGS84": 51.198631882221854,
          "Lon_WGS84": 4.428441798553734,
          "X_Lambert72": 154171.85,
          "Y_Lambert72": 209852.6,
          "X_Lambert2008": 654166.76,
          "Y_Lambert2008": 709853.19
        },
        "UpperRight": {
          "Lat_WGS84": 51.198631882221854,
          "Lon_WGS84": 4.428441798553734,
          "X_Lambert72": 154171.85,
          "Y_Lambert72": 209852.6,
          "X_Lambert2008": 654166.76,
          "Y_Lambert2008": 709853.19
        }
      }
    }
  ]
}