{
  "LocationResult": [
    {
      "Municipality": "Antwerpen",
      "Zipcode": "2000",
      "Thoroughfarename": "Vlaamsekaai",
      "Housenumber": "70",
      "ID": 2367822,
      "FormattedAddress": "Vlaamsekaai 70, 2000 Antwerpen",
      "Location": {
        "Lat_WGS84": 51.20756050075247,
        "Lon_WGS84": 4.38828374548969,
        "X_Lambert72": 151364.59,
        "Y_Lambert72": 210844.42,
        "X_Lambert2008": 651359.4,
        "Y_Lambert2008": 710844.66
      },
      "LocationType": "basisregisters_huisnummer_afgeleidVanObject",
      "BoundingBox": {
        "LowerLeft": {
          "Lat_WGS84": 51.20756050075247,
          "Lon_WGS84": 4.38828374548969,
          "X_Lambert72": 151364.59,
          "Y_Lambert72": 210844.42,
          "X_Lambert2008": 651359.4,
          "Y_Lambert2008": 710844.66
        },
        "UpperRight": {
          "Lat_WGS84": 51.20756050075247,
          "Lon_WGS84": 4.38828374548969,
          "X_Lambert72": 151364.59,
          "Y_Lambert72": 210844.42,
          "X_Lambert2008": 651359.4,
          "Y_Lambert2008": 710844.66
        }
      }
    }
  ]
}