{
  "LocationResult": [
    {
      "Municipality": "Antwerpen",
      "Zipcode": "2000",
      "Thoroughfarename": "Cadixstraat",
      "Housenumber": "1",
      "ID": 3700935,
      "FormattedAddress": "Cadixstraat 1, 2000 Antwerpen",
      "Location": {
        "Lat_WGS84": 51.233454913650185,
        "Lon_WGS84": 4.409516125721401,
        "X_Lambert72": 152846.81,
        "Y_Lambert72": 213725.91,
        "X_Lambert2008": 652841.26,
        "Y_Lambert2008": 713726.31
      },
      "LocationType": "basisregisters_huisnummer_afgeleidVanObject",
      "BoundingBox": {
        "LowerLeft": {
          "Lat_WGS84": 51.233454913650185,
          "Lon_WGS84": 4.409516125721401,
          "X_Lambert72": 152846.81,
          "Y_Lambert72": 213725.91,
          "X_Lambert2008": 652841.26,
          "Y_Lambert2008": 713726.31
        },
        "UpperRight": {
          "Lat_WGS84": 51.233454913650185,
          "Lon_WGS84": 4.409516125721401,
          "X_Lambert72": 152846.81,
          "Y_Lambert72": 213725.91,
          "X_Lambert2008": 652841.26,
          "Y_Lambert2008": 713726.31
        }
      }
    }
  ]
}