{
  "LocationResult": [
    {
      "Municipality": "Antwerpen",
      "Zipcode": "2018",
      "Thoroughfarename": "Breydelstraat",
      "Housenumber": "10",
      "ID": 279235,
      "FormattedAddress": "Breydelstraat 10, 2018 Antwerpen",
      "Location": {
        "Lat_WGS84": 51.2188925506651,
        "Lon_WGS84": 4.4192458105800325,
        "X_Lambert72": 153527.51,
        "Y_Lambert72": 212106.2,
        "X_Lambert2008": 653522.15,
        "Y_Lambert2008": 712106.69
      },
      "LocationType": "basisregisters_huisnummer_afgeleidVanObject",
      "BoundingBox": {
        "LowerLeft": {
          "Lat_WGS84": 51.2188925506651,
          "Lon_WGS84": 4.4192458105800325,
          "X_Lambert72": 153527.51,
          "Y_Lambert72": 212106.2,
          "X_Lambert2008": 653522.15,
          "Y_Lambert2008": 712106.69
        },
        "UpperRight": {
          "Lat_WGS84": 51.2188925506651,
          "Lon_WGS84": 4.4192458105800325,
          "X_Lambert72": 153527.51,
          "Y_Lambert72": 212106.2,
          "X_Lambert2008": 653522.15,
          "Y_Lambert2008": 712106.69
        }
      }
    }
  ]
}