{
  "LocationResult": [
    {
      "Municipality": "Antwerpen",
      "Zipcode": "2100",
      "Thoroughfarename": "Corbletstraat",
      "Housenumber": "8",
      "ID": 546238,
      "FormattedAddress": "Corbletstraat 8, 2100 Antwerpen",
      "Location": {
        "Lat_WGS84": 51.20587829791197,
        "Lon_WGS84": 4.4726111970452,
        "X_Lambert72": 157258.09,
        "Y_Lambert72": 210662.22,
        "X_Lambert2008": 657252.87,
        "Y_Lambert2008": 710663.17
      },
      "LocationType": "basisregisters_huisnummer_afgeleidVanObject",
      "BoundingBox": {
        "LowerLeft": {
          "Lat_WGS84": 51.20587829791197,
          "Lon_WGS84": 4.4726111970452,
          "X_Lambert72": 157258.09,
          "Y_Lambert72": 210662.22,
          "X_Lambert2008": 657252.87,
          "Y_Lambert2008": 710663.17
        },
        "UpperRight": {
          "Lat_WGS84": 51.20587829791197,
          "Lon_WGS84": 4.4726111970452,
          "X_Lambert72": 157258.09,
          "Y_Lambert72": 210662.22,
          "X_Lambert2008": 657252.87,
          "Y_Lambert2008": 710663.17
        }
      }
    }
  ]
}