{
  "LocationResult": [
    {
      "Municipality": "Antwerpen",
      "Zipcode": "2018",
      "Thoroughfarename": "Belgiëlei",
      "Housenumber": "7",
      "ID": 812716,
      "FormattedAddress": "Belgiëlei 7, 2018 Antwerpen",
      "Location": {
        "Lat_WGS84": 51.20857285752263,
        "Lon_WGS84": 4.42267305780391,
        "X_Lambert72": 153767.81,
        "Y_Lambert72": 210958.26,
        "X_Lambert2008": 653762.59,
        "Y_Lambert2008": 710958.79
      },
      "LocationType": "basisregisters_huisnummer_afgeleidVanObject",
      "BoundingBox": {
        "LowerLeft": {
          "Lat_WGS84": 51.20857285752263,
          "Lon_WGS84": 4.42267305780391,
          "X_Lambert72": 153767.81,
          "Y_Lambert72": 210958.26,
          "X_Lambert2008": 653762.59,
          "Y_Lambert2008": 710958.79
        },
        "UpperRight": {
          "Lat_WGS84": 51.20857285752263,
          "Lon_WGS84": 4.42267305780391,
          "X_Lambert72": 153767.81,
          "Y_Lambert72": 210958.26,
          "X_Lambert2008": 653762.59,
          "Y_Lambert2008": 710958.79
        }
      }
    }
  ]
}