{
  "LocationResult": [
    {
      "Municipality": "Antwerpen",
      "Zipcode": "2018",
      "Thoroughfarename": "Anselmostraat",
      "Housenumber": "52",
      "ID": 2184954,
      "FormattedAddress": "Anselmostraat 52, 2018 Antwerpen",
      "Location": {
        "Lat_WGS84": 51.20662959007828,
        "Lon_WGS84": 4.403768292022725,
        "X_Lambert72": 152446.78,
        "Y_Lambert72": 210741.26,
        "X_Lambert2008": 652441.59,
        "Y_Lambert2008": 710741.63
      },
      "LocationType": "basisregisters_huisnummer_afgeleidVanObject",
      "BoundingBox": {
        "LowerLeft": {
          "Lat_WGS84": 51.20662959007828,
          "Lon_WGS84": 4.403768292022725,
          "X_Lambert72": 152446.78,
          "Y_Lambert72": 210741.26,
          "X_Lambert2008": 652441.59,
          "Y_Lambert2008": 710741.63
        },
        "UpperRight": {
          "Lat_WGS84": 51.20662959007828,
          "Lon_WGS84": 4.403768292022725,
          "X_Lambert72": 152446.78,
          "Y_Lambert72": 210741.26,
          "X_Lambert2008": 652441.59,
          "Y_Lambert2008": 710741.63
        }
      }
    }
  ]
}