{
  "LocationResult": [
    {
      "Municipality": "Antwerpen",
      "Zipcode": "2140",
      "Thoroughfarename": "Maréestraat",
      "Housenumber": "48",
      "ID": 2219108,
      "FormattedAddress": "Maréestraat 48, 2140 Antwerpen",
      "Location": {
        "Lat_WGS84": 51.212084945879845,
        "Lon_WGS84": 4.434528190454693,
        "X_Lambert72": 154595.94,
        "Y_Lambert72": 211349.67,
        "X_Lambert2008": 654590.66,
        "Y_Lambert2008": 711350.3
      },
      "LocationType": "basisregisters_huisnummer_afgeleidVanObject",
      "BoundingBox": {
        "LowerLeft": {
          "Lat_WGS84": 51.212084945879845,
          "Lon_WGS84": 4.434528190454693,
          "X_Lambert72": 154595.94,
          "Y_Lambert72": 211349.67,
          "X_Lambert2008": 654590.66,
          "Y_Lambert2008": 711350.3
        },
        "UpperRight": {
          "Lat_WGS84": 51.212084945879845,
          "Lon_WGS84": 4.434528190454693,
          "X_Lambert72": 154595.94,
          "Y_Lambert72": 211349.67,
          "X_Lambert2008": 654590.66,
          "Y_Lambert2008": 711350.3
        }
      }
    }
  ]
}