{
  "LocationResult": [
    {
      "Municipality": "Antwerpen",
      "Zipcode": "2660",
      "Thoroughfarename": "Karel Meyvisstraat",
      "Housenumber": "48",
      "ID": 1486300,
      "FormattedAddress": "Karel Meyvisstraat 48, 2660 Antwerpen",
      "Location": {
        "Lat_WGS84": 51.17210190110449,
        "Lon_WGS84": 4.363421196439772,
        "X_Lambert72": 149626.82,
        "Y_Lambert72": 206899.35,
        "X_Lambert2008": 649622.11,
        "Y_Lambert2008": 706899.42
      },
      "LocationType": "basisregisters_huisnummer_afgeleidVanObject",
      "BoundingBox": {
        "LowerLeft": {
          "Lat_WGS84": 51.17210190110449,
          "Lon_WGS84": 4.363421196439772,
          "X_Lambert72": 149626.82,
          "Y_Lambert72": 206899.35,
          "X_Lambert2008": 649622.11,
          "Y_Lambert2008": 706899.42
        },
        "UpperRight": {
          "Lat_WGS84": 51.17210190110449,
          "Lon_WGS84": 4.363421196439772,
          "X_Lambert72": 149626.82,
          "Y_Lambert72": 206899.35,
          "X_Lambert2008": 649622.11,
          "Y_Lambert2008": 706899.42
        }
      }
    }
  ]
}