{
  "LocationResult": [
    {
      "Municipality": "Antwerpen",
      "Zipcode": "2600",
      "Thoroughfarename": "Auwersstraat",
      "Housenumber": "66",
      "ID": 1464668,
      "FormattedAddress": "Auwersstraat 66, 2600 Antwerpen",
      "Location": {
        "Lat_WGS84": 51.19993253769257,
        "Lon_WGS84": 4.426059531568769,
        "X_Lambert72": 154005.22,
        "Y_Lambert72": 209997.17,
        "X_Lambert2008": 654000.11,
        "Y_Lambert2008": 709997.74
      },
      "LocationType": "basisregisters_huisnummer_afgeleidVanObject",
      "BoundingBox": {
        "LowerLeft": {
          "Lat_WGS84": 51.19993253769257,
          "Lon_WGS84": 4.426059531568769,
          "X_Lambert72": 154005.22,
          "Y_Lambert72": 209997.17,
          "X_Lambert2008": 654000.11,
          "Y_Lambert2008": 709997.74
        },
        "UpperRight": {
          "Lat_WGS84": 51.19993253769257,
          "Lon_WGS84": 4.426059531568769,
          "X_Lambert72": 154005.22,
          "Y_Lambert72": 209997.17,
          "X_Lambert2008": 654000.11,
          "Y_Lambert2008": 709997.74
        }
      }
    }
  ]
}