{
  "LocationResult": [
    {
      "Municipality": "Antwerpen",
      "Zipcode": "2000",
      "Thoroughfarename": "Graaf van Hoornestraat",
      "Housenumber": "1",
      "ID": 1872629,
      "FormattedAddress": "Graaf van Hoornestraat 1, 2000 Antwerpen",
      "Location": {
        "Lat_WGS84": 51.20826038407916,
        "Lon_WGS84": 4.393206196918133,
        "X_Lambert72": 151708.57,
        "Y_Lambert72": 210922.39,
        "X_Lambert2008": 651703.37,
        "Y_Lambert2008": 710922.68
      },
      "LocationType": "basisregisters_huisnummer_afgeleidVanObject",
      "BoundingBox": {
        "LowerLeft": {
          "Lat_WGS84": 51.20826038407916,
          "Lon_WGS84": 4.393206196918133,
          "X_Lambert72": 151708.57,
          "Y_Lambert72": 210922.39,
          "X_Lambert2008": 651703.37,
          "Y_Lambert2008": 710922.68
        },
        "UpperRight": {
          "Lat_WGS84": 51.20826038407916,
          "Lon_WGS84": 4.393206196918133,
          "X_Lambert72": 151708.57,
          "Y_Lambert72": 210922.39,
          "X_Lambert2008": 651703.37,
          "Y_Lambert2008": 710922.68
        }
      }
    }
  ]
}