{
  "LocationResult": [
    {
      "Municipality": "Antwerpen",
      "Zipcode": "2100",
      "Thoroughfarename": "Ergo-de Waellaan",
      "Housenumber": "41",
      "ID": 545604,
      "FormattedAddress": "Ergo-de Waellaan 41, 2100 Antwerpen",
      "Location": {
        "Lat_WGS84": 51.21104263213338,
        "Lon_WGS84": 4.458873040717387,
        "X_Lambert72": 156297.26,
        "Y_Lambert72": 211235.51,
        "X_Lambert2008": 656291.98,
        "Y_Lambert2008": 711236.34
      },
      "LocationType": "basisregisters_huisnummer_afgeleidVanObject",
      "BoundingBox": {
        "LowerLeft": {
          "Lat_WGS84": 51.21104263213338,
          "Lon_WGS84": 4.458873040717387,
          "X_Lambert72": 156297.26,
          "Y_Lambert72": 211235.51,
          "X_Lambert2008": 656291.98,
          "Y_Lambert2008": 711236.34
        },
        "UpperRight": {
          "Lat_WGS84": 51.21104263213338,
          "Lon_WGS84": 4.458873040717387,
          "X_Lambert72": 156297.26,
          "Y_Lambert72": 211235.51,
          "X_Lambert2008": 656291.98,
          "Y_Lambert2008": 711236.34
        }
      }
    }
  ]
}