{
  "LocationResult": [
    {
      "Municipality": "Antwerpen",
      "Zipcode": "2060",
      "Thoroughfarename": "Bredastraat",
      "Housenumber": "6",
      "ID": 971639,
      "FormattedAddress": "Bredastraat 6, 2060 Antwerpen",
      "Location": {
        "Lat_WGS84": 51.23210668003204,
        "Lon_WGS84": 4.421560874709438,
        "X_Lambert72": 153688.2,
        "Y_Lambert72": 213576.45,
        "X_Lambert2008": 653682.67,
        "Y_Lambert2008": 713576.95
      },
      "LocationType": "basisregisters_huisnummer_afgeleidVanObject",
      "BoundingBox": {
        "LowerLeft": {
          "Lat_WGS84": 51.23210668003204,
          "Lon_WGS84": 4.421560874709438,
          "X_Lambert72": 153688.2,
          "Y_Lambert72": 213576.45,
          "X_Lambert2008": 653682.67,
          "Y_Lambert2008": 713576.95
        },
        "UpperRight": {
          "Lat_WGS84": 51.23210668003204,
          "Lon_WGS84": 4.421560874709438,
          "X_Lambert72": 153688.2,
          "Y_Lambert72": 213576.45,
          "X_Lambert2008": 653682.67,
          "Y_Lambert2008": 713576.95
        }
      }
    }
  ]
}