{
  "LocationResult": [
    {
      "Municipality": "Antwerpen",
      "Zipcode": "2000",
      "Thoroughfarename": "Grote Markt",
      "Housenumber": "44",
      "ID": 1270168,
      "FormattedAddress": "Grote Markt 44, 2000 Antwerpen",
      "Location": {
        "Lat_WGS84": 51.22102161047433,
        "Lon_WGS84": 4.400820178558116,
        "X_Lambert72": 152240.04,
        "Y_Lambert72": 212342.34,
        "X_Lambert2008": 652234.66,
        "Y_Lambert2008": 712342.68
      },
      "LocationType": "basisregisters_huisnummer_afgeleidVanObject",
      "BoundingBox": {
        "LowerLeft": {
          "Lat_WGS84": 51.22102161047433,
          "Lon_WGS84": 4.400820178558116,
          "X_Lambert72": 152240.04,
          "Y_Lambert72": 212342.34,
          "X_Lambert2008": 652234.66,
          "Y_Lambert2008": 712342.68
        },
        "UpperRight": {
          "Lat_WGS84": 51.22102161047433,
          "Lon_WGS84": 4.400820178558116,
          "X_Lambert72": 152240.04,
          "Y_Lambert72": 212342.34,
          "X_Lambert2008": 652234.66,
          "Y_Lambert2008": 712342.68
        }
      }
    }
  ]
}