{
  "LocationResult": [
    {
      "Municipality": "Antwerpen",
      "Zipcode": "2600",
      "Thoroughfarename": "Cogels-Osylei",
      "Housenumber": "72",
      "ID": 390337,
      "FormattedAddress": "Cogels-Osylei 72, 2600 Antwerpen",
      "Location": {
        "Lat_WGS84": 51.202188955148976,
        "Lon_WGS84": 4.433544466944604,
        "X_Lambert72": 154528.17,
        "Y_Lambert72": 210248.64,
        "X_Lambert2008": 654523.03,
        "Y_Lambert2008": 710249.27
      },
      "LocationType": "basisregisters_huisnummer_afgeleidVanObject",
      "BoundingBox": {
        "LowerLeft": {
          "Lat_WGS84": 51.202188955148976,
          "Lon_WGS84": 4.433544466944604,
          "X_Lambert72": 154528.17,
          "Y_Lambert72": 210248.64,
          "X_Lambert2008": 654523.03,
          "Y_Lambert2008": 710249.27
        },
        "UpperRight": {
          "Lat_WGS84": 51.202188955148976,
          "Lon_WGS84": 4.433544466944604,
          "X_Lambert72": 154528.17,
          "Y_Lambert72": 210248.64,
          "X_Lambert2008": 654523.03,
          "Y_Lambert2008": 710249.27
        }
      }
    }
  ]
}