{
  "LocationResult": [
    {
      "Municipality": "Antwerpen",
      "Zipcode": "2018",
      "Thoroughfarename": "Montignystraat",
      "Housenumber": "143",
      "ID": 1631574,
      "FormattedAddress": "Montignystraat 143, 2018 Antwerpen",
      "Location": {
        "Lat_WGS84": 51.19977026739946,
        "Lon_WGS84": 4.391406546254057,
        "X_Lambert72": 151583.1,
        "Y_Lambert72": 209977.79,
        "X_Lambert2008": 651578.01,
        "Y_Lambert2008": 709978.07
      },
      "LocationType": "basisregisters_huisnummer_afgeleidVanObject",
      "BoundingBox": {
        "LowerLeft": {
          "Lat_WGS84": 51.19977026739946,
          "Lon_WGS84": 4.391406546254057,
          "X_Lambert72": 151583.1,
          "Y_Lambert72": 209977.79,
          "X_Lambert2008": 651578.01,
          "Y_Lambert2008": 709978.07
        },
        "UpperRight": {
          "Lat_WGS84": 51.19977026739946,
          "Lon_WGS84": 4.391406546254057,
          "X_Lambert72": 151583.1,
          "Y_Lambert72": 209977.79,
          "X_Lambert2008": 651578.01,
          "Y_Lambert2008": 709978.07
        }
      }
    }
  ]
}