{
  "LocationResult": [
    {
      "Municipality": "Antwerpen",
      "Zipcode": "2100",
      "Thoroughfarename": "Ergo-de Waellaan",
      "Housenumber": "1",
      "ID": 1893820,
      "FormattedAddress": "Ergo-de Waellaan 1, 2100 Antwerpen",
      "Location": {
        "Lat_WGS84": 51.2118446873734,
        "Lon_WGS84": 4.456116680862292,
        "X_Lambert72": 156104.54,
        "Y_Lambert72": 211324.51,
        "X_Lambert2008": 656099.25,
        "Y_Lambert2008": 711325.32
      },
      "LocationType": "basisregisters_huisnummer_afgeleidVanObject",
      "BoundingBox": {
        "LowerLeft": {
          "Lat_WGS84": 51.2118446873734,
          "Lon_WGS84": 4.456116680862292,
          "X_Lambert72": 156104.54,
          "Y_Lambert72": 211324.51,
          "X_Lambert2008": 656099.25,
          "Y_Lambert2008": 711325.32
        },
        "UpperRight": {
          "Lat_WGS84": 51.2118446873734,
          "Lon_WGS84": 4.456116680862292,
          "X_Lambert72": 156104.54,
          "Y_Lambert72": 211324.51,
          "X_Lambert2008": 656099.25,
          "Y_Lambert2008": 711325.32
        }
      }
    }
  ]
}