{
  "LocationResult": [
    {
      "Municipality": "Antwerpen",
      "Zipcode": "2600",
      "Thoroughfarename": "Valkenputstraat",
      "Housenumber": "61",
      "ID": 958461,
      "FormattedAddress": "Valkenputstraat 61, 2600 Antwerpen",
      "Location": {
        "Lat_WGS84": 51.19662328958692,
        "Lon_WGS84": 4.446948377829888,
        "X_Lambert72": 155465.67,
        "Y_Lambert72": 209630.35,
        "X_Lambert2008": 655460.59,
        "Y_Lambert2008": 709631.09
      },
      "LocationType": "basisregisters_huisnummer_afgeleidVanObject",
      "BoundingBox": {
        "LowerLeft": {
          "Lat_WGS84": 51.19662328958692,
          "Lon_WGS84": 4.446948377829888,
          "X_Lambert72": 155465.67,
          "Y_Lambert72": 209630.35,
          "X_Lambert2008": 655460.59,
          "Y_Lambert2008": 709631.09
        },
        "UpperRight": {
          "Lat_WGS84": 51.19662328958692,
          "Lon_WGS84": 4.446948377829888,
          "X_Lambert72": 155465.67,
          "Y_Lambert72": 209630.35,
          "X_Lambert2008": 655460.59,
          "Y_Lambert2008": 709631.09
        }
      }
    }
  ]
}