{
  "LocationResult": [
    {
      "Municipality": "Antwerpen",
      "Zipcode": "2610",
      "Thoroughfarename": "Koning Albertstraat",
      "Housenumber": "43",
      "ID": 1624672,
      "FormattedAddress": "Koning Albertstraat 43, 2610 Antwerpen",
      "Location": {
        "Lat_WGS84": 51.17135049489557,
        "Lon_WGS84": 4.388973380873523,
        "X_Lambert72": 151413.92,
        "Y_Lambert72": 206815.95,
        "X_Lambert2008": 651409.21,
        "Y_Lambert2008": 706816.23
      },
      "LocationType": "basisregisters_huisnummer_afgeleidVanObject",
      "BoundingBox": {
        "LowerLeft": {
          "Lat_WGS84": 51.17135049489557,
          "Lon_WGS84": 4.388973380873523,
          "X_Lambert72": 151413.92,
          "Y_Lambert72": 206815.95,
          "X_Lambert2008": 651409.21,
          "Y_Lambert2008": 706816.23
        },
        "UpperRight": {
          "Lat_WGS84": 51.17135049489557,
          "Lon_WGS84": 4.388973380873523,
          "X_Lambert72": 151413.92,
          "Y_Lambert72": 206815.95,
          "X_Lambert2008": 651409.21,
          "Y_Lambert2008": 706816.23
        }
      }
    }
  ]
}