{
  "LocationResult": [
    {
      "Municipality": "Antwerpen",
      "Zipcode": "2060",
      "Thoroughfarename": "Sint-Jansplein",
      "Housenumber": "25",
      "ID": 2350576,
      "FormattedAddress": "Sint-Jansplein 25, 2060 Antwerpen",
      "Location": {
        "Lat_WGS84": 51.22508648388371,
        "Lon_WGS84": 4.418950716521012,
        "X_Lambert72": 153506.42,
        "Y_Lambert72": 212795.29,
        "X_Lambert2008": 653500.98,
        "Y_Lambert2008": 712795.77
      },
      "LocationType": "basisregisters_huisnummer_afgeleidVanObject",
      "BoundingBox": {
        "LowerLeft": {
          "Lat_WGS84": 51.22508648388371,
          "Lon_WGS84": 4.418950716521012,
          "X_Lambert72": 153506.42,
          "Y_Lambert72": 212795.29,
          "X_Lambert2008": 653500.98,
          "Y_Lambert2008": 712795.77
        },
        "UpperRight": {
          "Lat_WGS84": 51.22508648388371,
          "Lon_WGS84": 4.418950716521012,
          "X_Lambert72": 153506.42,
          "Y_Lambert72": 212795.29,
          "X_Lambert2008": 653500.98,
          "Y_Lambert2008": 712795.77
        }
      }
    }
  ]
}