{
  "LocationResult": [
    {
      "Municipality": "Antwerpen",
      "Zipcode": "2000",
      "Thoroughfarename": "Oude Koornmarkt",
      "Housenumber": "60",
      "ID": 892162,
      "FormattedAddress": "Oude Koornmarkt 60, 2000 Antwerpen",
      "Location": {
        "Lat_WGS84": 51.219127910033336,
        "Lon_WGS84": 4.400262082587154,
        "X_Lambert72": 152201.14,
        "Y_Lambert72": 212131.64,
        "X_Lambert2008": 652195.79,
        "Y_Lambert2008": 712131.97
      },
      "LocationType": "basisregisters_huisnummer_afgeleidVanObject",
      "BoundingBox": {
        "LowerLeft": {
          "Lat_WGS84": 51.219127910033336,
          "Lon_WGS84": 4.400262082587154,
          "X_Lambert72": 152201.14,
          "Y_Lambert72": 212131.64,
          "X_Lambert2008": 652195.79,
          "Y_Lambert2008": 712131.97
        },
        "UpperRight": {
          "Lat_WGS84": 51.219127910033336,
          "Lon_WGS84": 4.400262082587154,
          "X_Lambert72": 152201.14,
          "Y_Lambert72": 212131.64,
          "X_Lambert2008": 652195.79,
          "Y_Lambert2008": 712131.97
        }
      }
    }
  ]
}