{
  "LocationResult": [
    {
      "Municipality": "Antwerpen",
      "Zipcode": "2018",
      "Thoroughfarename": "Sanderusstraat",
      "Housenumber": "70",
      "ID": 1646907,
      "FormattedAddress": "Sanderusstraat 70, 2018 Antwerpen",
      "Location": {
        "Lat_WGS84": 51.20666321965916,
        "Lon_WGS84": 4.403124989065241,
        "X_Lambert72": 152401.82,
        "Y_Lambert72": 210744.98,
        "X_Lambert2008": 652396.63,
        "Y_Lambert2008": 710745.35
      },
      "LocationType": "basisregisters_huisnummer_afgeleidVanObject",
      "BoundingBox": {
        "LowerLeft": {
          "Lat_WGS84": 51.20666321965916,
          "Lon_WGS84": 4.403124989065241,
          "X_Lambert72": 152401.82,
          "Y_Lambert72": 210744.98,
          "X_Lambert2008": 652396.63,
          "Y_Lambert2008": 710745.35
        },
        "UpperRight": {
          "Lat_WGS84": 51.20666321965916,
          "Lon_WGS84": 4.403124989065241,
          "X_Lambert72": 152401.82,
          "Y_Lambert72": 210744.98,
          "X_Lambert2008": 652396.63,
          "Y_Lambert2008": 710745.35
        }
      }
    }
  ]
}