{
  "LocationResult": [
    {
      "Municipality": "Antwerpen",
      "Zipcode": "2018",
      "Thoroughfarename": "Lange Kievitstraat",
      "Housenumber": "4",
      "ID": 2062682,
      "FormattedAddress": "Lange Kievitstraat 4, 2018 Antwerpen",
      "Location": {
        "Lat_WGS84": 51.21291833227798,
        "Lon_WGS84": 4.41730500112506,
        "X_Lambert72": 153392.35,
        "Y_Lambert72": 211441.45,
        "X_Lambert2008": 653387.07,
        "Y_Lambert2008": 711441.93
      },
      "LocationType": "basisregisters_huisnummer_afgeleidVanObject",
      "BoundingBox": {
        "LowerLeft": {
          "Lat_WGS84": 51.21291833227798,
          "Lon_WGS84": 4.41730500112506,
          "X_Lambert72": 153392.35,
          "Y_Lambert72": 211441.45,
          "X_Lambert2008": 653387.07,
          "Y_Lambert2008": 711441.93
        },
        "UpperRight": {
          "Lat_WGS84": 51.21291833227798,
          "Lon_WGS84": 4.41730500112506,
          "X_Lambert72": 153392.35,
          "Y_Lambert72": 211441.45,
          "X_Lambert2008": 653387.07,
          "Y_Lambert2008": 711441.93
        }
      }
    }
  ]
}