{
  "LocationResult": [
    {
      "Municipality": "Antwerpen",
      "Zipcode": "2140",
      "Thoroughfarename": "Appelstraat",
      "Housenumber": "18",
      "ID": 1703428,
      "FormattedAddress": "Appelstraat 18, 2140 Antwerpen",
      "Location": {
        "Lat_WGS84": 51.21310536645766,
        "Lon_WGS84": 4.4405515257777965,
        "X_Lambert72": 155016.73,
        "Y_Lambert72": 211463.59,
        "X_Lambert2008": 655011.44,
        "Y_Lambert2008": 711464.26
      },
      "LocationType": "basisregisters_huisnummer_afgeleidVanObject",
      "BoundingBox": {
        "LowerLeft": {
          "Lat_WGS84": 51.21310536645766,
          "Lon_WGS84": 4.4405515257777965,
          "X_Lambert72": 155016.73,
          "Y_Lambert72": 211463.59,
          "X_Lambert2008": 655011.44,
          "Y_Lambert2008": 711464.26
        },
        "UpperRight": {
          "Lat_WGS84": 51.21310536645766,
          "Lon_WGS84": 4.4405515257777965,
          "X_Lambert72": 155016.73,
          "Y_Lambert72": 211463.59,
          "X_Lambert2008": 655011.44,
          "Y_Lambert2008": 711464.26
        }
      }
    }
  ]
}