{
  "LocationResult": [
    {
      "Municipality": "Antwerpen",
      "Zipcode": "2000",
      "Thoroughfarename": "Riemstraat",
      "Housenumber": "47",
      "ID": 1914816,
      "FormattedAddress": "Riemstraat 47, 2000 Antwerpen",
      "Location": {
        "Lat_WGS84": 51.21290760074529,
        "Lon_WGS84": 4.393101371626196,
        "X_Lambert72": 151701.07,
        "Y_Lambert72": 211439.41,
        "X_Lambert2008": 651695.81,
        "Y_Lambert2008": 711439.69
      },
      "LocationType": "basisregisters_huisnummer_afgeleidVanObject",
      "BoundingBox": {
        "LowerLeft": {
          "Lat_WGS84": 51.21290760074529,
          "Lon_WGS84": 4.393101371626196,
          "X_Lambert72": 151701.07,
          "Y_Lambert72": 211439.41,
          "X_Lambert2008": 651695.81,
          "Y_Lambert2008": 711439.69
        },
        "UpperRight": {
          "Lat_WGS84": 51.21290760074529,
          "Lon_WGS84": 4.393101371626196,
          "X_Lambert72": 151701.07,
          "Y_Lambert72": 211439.41,
          "X_Lambert2008": 651695.81,
          "Y_Lambert2008": 711439.69
        }
      }
    }
  ]
}