{
  "LocationResult": [
    {
      "Municipality": "Antwerpen",
      "Zipcode": "2018",
      "Thoroughfarename": "Provinciestraat",
      "Housenumber": "181",
      "ID": 1727858,
      "FormattedAddress": "Provinciestraat 181, 2018 Antwerpen",
      "Location": {
        "Lat_WGS84": 51.212170155169886,
        "Lon_WGS84": 4.42635395095467,
        "X_Lambert72": 154024.73,
        "Y_Lambert72": 211358.67,
        "X_Lambert2008": 654019.46,
        "Y_Lambert2008": 711359.23
      },
      "LocationType": "basisregisters_huisnummer_afgeleidVanObject",
      "BoundingBox": {
        "LowerLeft": {
          "Lat_WGS84": 51.212170155169886,
          "Lon_WGS84": 4.42635395095467,
          "X_Lambert72": 154024.73,
          "Y_Lambert72": 211358.67,
          "X_Lambert2008": 654019.46,
          "Y_Lambert2008": 711359.23
        },
        "UpperRight": {
          "Lat_WGS84": 51.212170155169886,
          "Lon_WGS84": 4.42635395095467,
          "X_Lambert72": 154024.73,
          "Y_Lambert72": 211358.67,
          "X_Lambert2008": 654019.46,
          "Y_Lambert2008": 711359.23
        }
      }
    }
  ]
}