{
  "LocationResult": [
    {
      "Municipality": "Antwerpen",
      "Zipcode": "2100",
      "Thoroughfarename": "Turnhoutsebaan",
      "Housenumber": "108",
      "ID": 2490686,
      "FormattedAddress": "Turnhoutsebaan 108, 2100 Antwerpen",
      "Location": {
        "Lat_WGS84": 51.21985225294798,
        "Lon_WGS84": 4.461084805751612,
        "X_Lambert72": 156450.59,
        "Y_Lambert72": 212215.81,
        "X_Lambert2008": 656445.2,
        "Y_Lambert2008": 712216.65
      },
      "LocationType": "basisregisters_huisnummer_afgeleidVanObject",
      "BoundingBox": {
        "LowerLeft": {
          "Lat_WGS84": 51.21985225294798,
          "Lon_WGS84": 4.461084805751612,
          "X_Lambert72": 156450.59,
          "Y_Lambert72": 212215.81,
          "X_Lambert2008": 656445.2,
          "Y_Lambert2008": 712216.65
        },
        "UpperRight": {
          "Lat_WGS84": 51.21985225294798,
          "Lon_WGS84": 4.461084805751612,
          "X_Lambert72": 156450.59,
          "Y_Lambert72": 212215.81,
          "X_Lambert2008": 656445.2,
          "Y_Lambert2008": 712216.65
        }
      }
    }
  ]
}