{
  "LocationResult": [
    {
      "Municipality": "Antwerpen",
      "Zipcode": "2000",
      "Thoroughfarename": "Kipdorpbrug",
      "Housenumber": "4",
      "ID": 2352969,
      "FormattedAddress": "Kipdorpbrug 4, 2000 Antwerpen",
      "Location": {
        "Lat_WGS84": 51.21961008507007,
        "Lon_WGS84": 4.415383979467648,
        "X_Lambert72": 153257.64,
        "Y_Lambert72": 212185.85,
        "X_Lambert2008": 653252.27,
        "Y_Lambert2008": 712186.31
      },
      "LocationType": "basisregisters_huisnummer_afgeleidVanObject",
      "BoundingBox": {
        "LowerLeft": {
          "Lat_WGS84": 51.21961008507007,
          "Lon_WGS84": 4.415383979467648,
          "X_Lambert72": 153257.64,
          "Y_Lambert72": 212185.85,
          "X_Lambert2008": 653252.27,
          "Y_Lambert2008": 712186.31
        },
        "UpperRight": {
          "Lat_WGS84": 51.21961008507007,
          "Lon_WGS84": 4.415383979467648,
          "X_Lambert72": 153257.64,
          "Y_Lambert72": 212185.85,
          "X_Lambert2008": 653252.27,
          "Y_Lambert2008": 712186.31
        }
      }
    }
  ]
}