{
  "LocationResult": [
    {
      "Municipality": "Antwerpen",
      "Zipcode": "2018",
      "Thoroughfarename": "Anneessensstraat",
      "Housenumber": "27",
      "ID": 312157,
      "FormattedAddress": "Anneessensstraat 27, 2018 Antwerpen",
      "Location": {
        "Lat_WGS84": 51.21819498730907,
        "Lon_WGS84": 4.418135400396352,
        "X_Lambert72": 153449.98,
        "Y_Lambert72": 212028.54,
        "X_Lambert2008": 653444.63,
        "Y_Lambert2008": 712029.02
      },
      "LocationType": "basisregisters_huisnummer_afgeleidVanObject",
      "BoundingBox": {
        "LowerLeft": {
          "Lat_WGS84": 51.21819498730907,
          "Lon_WGS84": 4.418135400396352,
          "X_Lambert72": 153449.98,
          "Y_Lambert72": 212028.54,
          "X_Lambert2008": 653444.63,
          "Y_Lambert2008": 712029.02
        },
        "UpperRight": {
          "Lat_WGS84": 51.21819498730907,
          "Lon_WGS84": 4.418135400396352,
          "X_Lambert72": 153449.98,
          "Y_Lambert72": 212028.54,
          "X_Lambert2008": 653444.63,
          "Y_Lambert2008": 712029.02
        }
      }
    }
  ]
}