{
  "LocationResult": [
    {
      "Municipality": "Antwerpen",
      "Zipcode": "2610",
      "Thoroughfarename": "Doornstraat",
      "Housenumber": "161",
      "ID": 1499972,
      "FormattedAddress": "Doornstraat 161, 2610 Antwerpen",
      "Location": {
        "Lat_WGS84": 51.164573644553236,
        "Lon_WGS84": 4.398166683116242,
        "X_Lambert72": 152057.2,
        "Y_Lambert72": 206062.23,
        "X_Lambert2008": 652052.57,
        "Y_Lambert2008": 706062.6
      },
      "LocationType": "basisregisters_huisnummer_afgeleidVanObject",
      "BoundingBox": {
        "LowerLeft": {
          "Lat_WGS84": 51.164573644553236,
          "Lon_WGS84": 4.398166683116242,
          "X_Lambert72": 152057.2,
          "Y_Lambert72": 206062.23,
          "X_Lambert2008": 652052.57,
          "Y_Lambert2008": 706062.6
        },
        "UpperRight": {
          "Lat_WGS84": 51.164573644553236,
          "Lon_WGS84": 4.398166683116242,
          "X_Lambert72": 152057.2,
          "Y_Lambert72": 206062.23,
          "X_Lambert2008": 652052.57,
          "Y_Lambert2008": 706062.6
        }
      }
    }
  ]
}