{
  "LocationResult": [
    {
      "Municipality": "Antwerpen",
      "Zipcode": "2140",
      "Thoroughfarename": "Vooruitzichtstraat",
      "Housenumber": "1",
      "ID": 1554865,
      "FormattedAddress": "Vooruitzichtstraat 1, 2140 Antwerpen",
      "Location": {
        "Lat_WGS84": 51.21774060025912,
        "Lon_WGS84": 4.443846986536107,
        "X_Lambert72": 155246.48,
        "Y_Lambert72": 211979.51,
        "X_Lambert2008": 655241.12,
        "Y_Lambert2008": 711980.21
      },
      "LocationType": "basisregisters_huisnummer_afgeleidVanObject",
      "BoundingBox": {
        "LowerLeft": {
          "Lat_WGS84": 51.21774060025912,
          "Lon_WGS84": 4.443846986536107,
          "X_Lambert72": 155246.48,
          "Y_Lambert72": 211979.51,
          "X_Lambert2008": 655241.12,
          "Y_Lambert2008": 711980.21
        },
        "UpperRight": {
          "Lat_WGS84": 51.21774060025912,
          "Lon_WGS84": 4.443846986536107,
          "X_Lambert72": 155246.48,
          "Y_Lambert72": 211979.51,
          "X_Lambert2008": 655241.12,
          "Y_Lambert2008": 711980.21
        }
      }
    }
  ]
}