{
  "LocationResult": [
    {
      "Municipality": "Antwerpen",
      "Zipcode": "2180",
      "Thoroughfarename": "Weerstandersstraat",
      "Housenumber": "81",
      "ID": 689785,
      "FormattedAddress": "Weerstandersstraat 81, 2180 Antwerpen",
      "Location": {
        "Lat_WGS84": 51.28833517582531,
        "Lon_WGS84": 4.438711060833452,
        "X_Lambert72": 154880.16,
        "Y_Lambert72": 219833.23,
        "X_Lambert2008": 654873.87,
        "Y_Lambert2008": 719833.82
      },
      "LocationType": "basisregisters_huisnummer_afgeleidVanObject",
      "BoundingBox": {
        "LowerLeft": {
          "Lat_WGS84": 51.28833517582531,
          "Lon_WGS84": 4.438711060833452,
          "X_Lambert72": 154880.16,
          "Y_Lambert72": 219833.23,
          "X_Lambert2008": 654873.87,
          "Y_Lambert2008": 719833.82
        },
        "UpperRight": {
          "Lat_WGS84": 51.28833517582531,
          "Lon_WGS84": 4.438711060833452,
          "X_Lambert72": 154880.16,
          "Y_Lambert72": 219833.23,
          "X_Lambert2008": 654873.87,
          "Y_Lambert2008": 719833.82
        }
      }
    }
  ]
}