{
  "LocationResult": [
    {
      "Municipality": "Antwerpen",
      "Zipcode": "2170",
      "Thoroughfarename": "Eethuisstraat",
      "Housenumber": "44",
      "ID": 2009050,
      "FormattedAddress": "Eethuisstraat 44, 2170 Antwerpen",
      "Location": {
        "Lat_WGS84": 51.24851259926838,
        "Lon_WGS84": 4.461292541266085,
        "X_Lambert72": 156461.1,
        "Y_Lambert72": 215404.44,
        "X_Lambert2008": 656455.33,
        "Y_Lambert2008": 715405.26
      },
      "LocationType": "basisregisters_huisnummer_afgeleidVanObject",
      "BoundingBox": {
        "LowerLeft": {
          "Lat_WGS84": 51.24851259926838,
          "Lon_WGS84": 4.461292541266085,
          "X_Lambert72": 156461.1,
          "Y_Lambert72": 215404.44,
          "X_Lambert2008": 656455.33,
          "Y_Lambert2008": 715405.26
        },
        "UpperRight": {
          "Lat_WGS84": 51.24851259926838,
          "Lon_WGS84": 4.461292541266085,
          "X_Lambert72": 156461.1,
          "Y_Lambert72": 215404.44,
          "X_Lambert2008": 656455.33,
          "Y_Lambert2008": 715405.26
        }
      }
    }
  ]
}