{
  "LocationResult": [
    {
      "Municipality": "Antwerpen",
      "Zipcode": "2018",
      "Thoroughfarename": "Desguinlei",
      "Housenumber": "84",
      "ID": 3048230,
      "FormattedAddress": "Desguinlei 84, 2018 Antwerpen",
      "Location": {
        "Lat_WGS84": 51.19293416298622,
        "Lon_WGS84": 4.408447749574563,
        "X_Lambert72": 152774.64,
        "Y_Lambert72": 209217.76,
        "X_Lambert2008": 652769.63,
        "Y_Lambert2008": 709218.19
      },
      "LocationType": "basisregisters_huisnummer_afgeleidVanObject",
      "BoundingBox": {
        "LowerLeft": {
          "Lat_WGS84": 51.19293416298622,
          "Lon_WGS84": 4.408447749574563,
          "X_Lambert72": 152774.64,
          "Y_Lambert72": 209217.76,
          "X_Lambert2008": 652769.63,
          "Y_Lambert2008": 709218.19
        },
        "UpperRight": {
          "Lat_WGS84": 51.19293416298622,
          "Lon_WGS84": 4.408447749574563,
          "X_Lambert72": 152774.64,
          "Y_Lambert72": 209217.76,
          "X_Lambert2008": 652769.63,
          "Y_Lambert2008": 709218.19
        }
      }
    }
  ]
}