{
  "LocationResult": [
    {
      "Municipality": "Antwerpen",
      "Zipcode": "2660",
      "Thoroughfarename": "Grammestraat",
      "Housenumber": "12",
      "ID": 915425,
      "FormattedAddress": "Grammestraat 12, 2660 Antwerpen",
      "Location": {
        "Lat_WGS84": 51.172076073554834,
        "Lon_WGS84": 4.340661437209787,
        "X_Lambert72": 148035.04,
        "Y_Lambert72": 206896.82,
        "X_Lambert2008": 648030.35,
        "Y_Lambert2008": 706896.7
      },
      "LocationType": "basisregisters_huisnummer_afgeleidVanObject",
      "BoundingBox": {
        "LowerLeft": {
          "Lat_WGS84": 51.172076073554834,
          "Lon_WGS84": 4.340661437209787,
          "X_Lambert72": 148035.04,
          "Y_Lambert72": 206896.82,
          "X_Lambert2008": 648030.35,
          "Y_Lambert2008": 706896.7
        },
        "UpperRight": {
          "Lat_WGS84": 51.172076073554834,
          "Lon_WGS84": 4.340661437209787,
          "X_Lambert72": 148035.04,
          "Y_Lambert72": 206896.82,
          "X_Lambert2008": 648030.35,
          "Y_Lambert2008": 706896.7
        }
      }
    }
  ]
}