{
  "LocationResult": [
    {
      "Municipality": "Antwerpen",
      "Zipcode": "2018",
      "Thoroughfarename": "Ballaarstraat",
      "Housenumber": "33",
      "ID": 627617,
      "FormattedAddress": "Ballaarstraat 33, 2018 Antwerpen",
      "Location": {
        "Lat_WGS84": 51.20347049882284,
        "Lon_WGS84": 4.403513481643894,
        "X_Lambert72": 152429.14,
        "Y_Lambert72": 210389.79,
        "X_Lambert2008": 652424.0,
        "Y_Lambert2008": 710390.17
      },
      "LocationType": "basisregisters_huisnummer_afgeleidVanObject",
      "BoundingBox": {
        "LowerLeft": {
          "Lat_WGS84": 51.20347049882284,
          "Lon_WGS84": 4.403513481643894,
          "X_Lambert72": 152429.14,
          "Y_Lambert72": 210389.79,
          "X_Lambert2008": 652424.0,
          "Y_Lambert2008": 710390.17
        },
        "UpperRight": {
          "Lat_WGS84": 51.20347049882284,
          "Lon_WGS84": 4.403513481643894,
          "X_Lambert72": 152429.14,
          "Y_Lambert72": 210389.79,
          "X_Lambert2008": 652424.0,
          "Y_Lambert2008": 710390.17
        }
      }
    }
  ]
}