{
  "LocationResult": [
    {
      "Municipality": "Antwerpen",
      "Zipcode": "2000",
      "Thoroughfarename": "Oude Koornmarkt",
      "Housenumber": "8",
      "ID": 1982665,
      "FormattedAddress": "Oude Koornmarkt 8, 2000 Antwerpen",
      "Location": {
        "Lat_WGS84": 51.22040387857755,
        "Lon_WGS84": 4.399345062877961,
        "X_Lambert72": 152137.01,
        "Y_Lambert72": 212273.57,
        "X_Lambert2008": 652131.64,
        "Y_Lambert2008": 712273.9
      },
      "LocationType": "basisregisters_huisnummer_afgeleidVanObject",
      "BoundingBox": {
        "LowerLeft": {
          "Lat_WGS84": 51.22040387857755,
          "Lon_WGS84": 4.399345062877961,
          "X_Lambert72": 152137.01,
          "Y_Lambert72": 212273.57,
          "X_Lambert2008": 652131.64,
          "Y_Lambert2008": 712273.9
        },
        "UpperRight": {
          "Lat_WGS84": 51.22040387857755,
          "Lon_WGS84": 4.399345062877961,
          "X_Lambert72": 152137.01,
          "Y_Lambert72": 212273.57,
          "X_Lambert2008": 652131.64,
          "Y_Lambert2008": 712273.9
        }
      }
    }
  ]
}