{
  "LocationResult": [
    {
      "Municipality": "Antwerpen",
      "Zipcode": "2000",
      "Thoroughfarename": "Britselei",
      "Housenumber": "76",
      "ID": 1815403,
      "FormattedAddress": "Britselei 76, 2000 Antwerpen",
      "Location": {
        "Lat_WGS84": 51.20950971895861,
        "Lon_WGS84": 4.4032839644767545,
        "X_Lambert72": 152412.78,
        "Y_Lambert72": 211061.67,
        "X_Lambert2008": 652407.56,
        "Y_Lambert2008": 711062.04
      },
      "LocationType": "basisregisters_huisnummer_afgeleidVanObject",
      "BoundingBox": {
        "LowerLeft": {
          "Lat_WGS84": 51.20950971895861,
          "Lon_WGS84": 4.4032839644767545,
          "X_Lambert72": 152412.78,
          "Y_Lambert72": 211061.67,
          "X_Lambert2008": 652407.56,
          "Y_Lambert2008": 711062.04
        },
        "UpperRight": {
          "Lat_WGS84": 51.20950971895861,
          "Lon_WGS84": 4.4032839644767545,
          "X_Lambert72": 152412.78,
          "Y_Lambert72": 211061.67,
          "X_Lambert2008": 652407.56,
          "Y_Lambert2008": 711062.04
        }
      }
    }
  ]
}