{
  "LocationResult": [
    {
      "Municipality": "Antwerpen",
      "Zipcode": "2018",
      "Thoroughfarename": "Lange Leemstraat",
      "Housenumber": "164",
      "ID": 879026,
      "FormattedAddress": "Lange Leemstraat 164, 2018 Antwerpen",
      "Location": {
        "Lat_WGS84": 51.206148642360525,
        "Lon_WGS84": 4.4163498985014495,
        "X_Lambert72": 153326.1,
        "Y_Lambert72": 210688.25,
        "X_Lambert2008": 653320.91,
        "Y_Lambert2008": 710688.73
      },
      "LocationType": "basisregisters_huisnummer_afgeleidVanObject",
      "BoundingBox": {
        "LowerLeft": {
          "Lat_WGS84": 51.206148642360525,
          "Lon_WGS84": 4.4163498985014495,
          "X_Lambert72": 153326.1,
          "Y_Lambert72": 210688.25,
          "X_Lambert2008": 653320.91,
          "Y_Lambert2008": 710688.73
        },
        "UpperRight": {
          "Lat_WGS84": 51.206148642360525,
          "Lon_WGS84": 4.4163498985014495,
          "X_Lambert72": 153326.1,
          "Y_Lambert72": 210688.25,
          "X_Lambert2008": 653320.91,
          "Y_Lambert2008": 710688.73
        }
      }
    }
  ]
}