{
  "LocationResult": [
    {
      "Municipality": "Antwerpen",
      "Zipcode": "2018",
      "Thoroughfarename": "Paleisstraat",
      "Housenumber": "63",
      "ID": 945783,
      "FormattedAddress": "Paleisstraat 63, 2018 Antwerpen",
      "Location": {
        "Lat_WGS84": 51.20661391105143,
        "Lon_WGS84": 4.399810725233358,
        "X_Lambert72": 152170.2,
        "Y_Lambert72": 210739.39,
        "X_Lambert2008": 652165.02,
        "Y_Lambert2008": 710739.73
      },
      "LocationType": "basisregisters_huisnummer_afgeleidVanObject",
      "BoundingBox": {
        "LowerLeft": {
          "Lat_WGS84": 51.20661391105143,
          "Lon_WGS84": 4.399810725233358,
          "X_Lambert72": 152170.2,
          "Y_Lambert72": 210739.39,
          "X_Lambert2008": 652165.02,
          "Y_Lambert2008": 710739.73
        },
        "UpperRight": {
          "Lat_WGS84": 51.20661391105143,
          "Lon_WGS84": 4.399810725233358,
          "X_Lambert72": 152170.2,
          "Y_Lambert72": 210739.39,
          "X_Lambert2008": 652165.02,
          "Y_Lambert2008": 710739.73
        }
      }
    }
  ]
}