{
  "LocationResult": [
    {
      "Municipality": "Antwerpen",
      "Zipcode": "2018",
      "Thoroughfarename": "Ballaarstraat",
      "Housenumber": "27",
      "ID": 2438268,
      "FormattedAddress": "Ballaarstraat 27, 2018 Antwerpen",
      "Location": {
        "Lat_WGS84": 51.203682256600665,
        "Lon_WGS84": 4.403546980234066,
        "X_Lambert72": 152431.47,
        "Y_Lambert72": 210413.35,
        "X_Lambert2008": 652426.32,
        "Y_Lambert2008": 710413.73
      },
      "LocationType": "basisregisters_huisnummer_afgeleidVanObject",
      "BoundingBox": {
        "LowerLeft": {
          "Lat_WGS84": 51.203682256600665,
          "Lon_WGS84": 4.403546980234066,
          "X_Lambert72": 152431.47,
          "Y_Lambert72": 210413.35,
          "X_Lambert2008": 652426.32,
          "Y_Lambert2008": 710413.73
        },
        "UpperRight": {
          "Lat_WGS84": 51.203682256600665,
          "Lon_WGS84": 4.403546980234066,
          "X_Lambert72": 152431.47,
          "Y_Lambert72": 210413.35,
          "X_Lambert2008": 652426.32,
          "Y_Lambert2008": 710413.73
        }
      }
    }
  ]
}