{
  "LocationResult": [
    {
      "Municipality": "Antwerpen",
      "Zipcode": "2060",
      "Thoroughfarename": "Marnixstraat",
      "Housenumber": "41",
      "ID": 945419,
      "FormattedAddress": "Marnixstraat 41, 2060 Antwerpen",
      "Location": {
        "Lat_WGS84": 51.228264395397325,
        "Lon_WGS84": 4.421033518404963,
        "X_Lambert72": 153651.67,
        "Y_Lambert72": 213148.95,
        "X_Lambert2008": 653646.19,
        "Y_Lambert2008": 713149.45
      },
      "LocationType": "basisregisters_huisnummer_afgeleidVanObject",
      "BoundingBox": {
        "LowerLeft": {
          "Lat_WGS84": 51.228264395397325,
          "Lon_WGS84": 4.421033518404963,
          "X_Lambert72": 153651.67,
          "Y_Lambert72": 213148.95,
          "X_Lambert2008": 653646.19,
          "Y_Lambert2008": 713149.45
        },
        "UpperRight": {
          "Lat_WGS84": 51.228264395397325,
          "Lon_WGS84": 4.421033518404963,
          "X_Lambert72": 153651.67,
          "Y_Lambert72": 213148.95,
          "X_Lambert2008": 653646.19,
          "Y_Lambert2008": 713149.45
        }
      }
    }
  ]
}