{
  "LocationResult": [
    {
      "Municipality": "Antwerpen",
      "Zipcode": "2018",
      "Thoroughfarename": "Mechelsesteenweg",
      "Housenumber": "106",
      "ID": 321035,
      "FormattedAddress": "Mechelsesteenweg 106, 2018 Antwerpen",
      "Location": {
        "Lat_WGS84": 51.20748072433495,
        "Lon_WGS84": 4.408977622284306,
        "X_Lambert72": 152810.79,
        "Y_Lambert72": 210836.14,
        "X_Lambert2008": 652805.59,
        "Y_Lambert2008": 710836.56
      },
      "LocationType": "basisregisters_huisnummer_afgeleidVanObject",
      "BoundingBox": {
        "LowerLeft": {
          "Lat_WGS84": 51.20748072433495,
          "Lon_WGS84": 4.408977622284306,
          "X_Lambert72": 152810.79,
          "Y_Lambert72": 210836.14,
          "X_Lambert2008": 652805.59,
          "Y_Lambert2008": 710836.56
        },
        "UpperRight": {
          "Lat_WGS84": 51.20748072433495,
          "Lon_WGS84": 4.408977622284306,
          "X_Lambert72": 152810.79,
          "Y_Lambert72": 210836.14,
          "X_Lambert2008": 652805.59,
          "Y_Lambert2008": 710836.56
        }
      }
    }
  ]
}