{
  "LocationResult": [
    {
      "Municipality": "Antwerpen",
      "Zipcode": "2018",
      "Thoroughfarename": "Bosmanslei",
      "Housenumber": "33",
      "ID": 1172177,
      "FormattedAddress": "Bosmanslei 33, 2018 Antwerpen",
      "Location": {
        "Lat_WGS84": 51.19516933266681,
        "Lon_WGS84": 4.4027780276023565,
        "X_Lambert72": 152378.17,
        "Y_Lambert72": 209466.23,
        "X_Lambert2008": 652373.14,
        "Y_Lambert2008": 709466.61
      },
      "LocationType": "basisregisters_huisnummer_afgeleidVanObject",
      "BoundingBox": {
        "LowerLeft": {
          "Lat_WGS84": 51.19516933266681,
          "Lon_WGS84": 4.4027780276023565,
          "X_Lambert72": 152378.17,
          "Y_Lambert72": 209466.23,
          "X_Lambert2008": 652373.14,
          "Y_Lambert2008": 709466.61
        },
        "UpperRight": {
          "Lat_WGS84": 51.19516933266681,
          "Lon_WGS84": 4.4027780276023565,
          "X_Lambert72": 152378.17,
          "Y_Lambert72": 209466.23,
          "X_Lambert2008": 652373.14,
          "Y_Lambert2008": 709466.61
        }
      }
    }
  ]
}