{
  "LocationResult": [
    {
      "Municipality": "Antwerpen",
      "Zipcode": "2018",
      "Thoroughfarename": "Cuylitsstraat",
      "Housenumber": "49",
      "ID": 1423716,
      "FormattedAddress": "Cuylitsstraat 49, 2018 Antwerpen",
      "Location": {
        "Lat_WGS84": 51.20435049879781,
        "Lon_WGS84": 4.392802600834727,
        "X_Lambert72": 151680.51,
        "Y_Lambert72": 210487.39,
        "X_Lambert2008": 651675.36,
        "Y_Lambert2008": 710487.68
      },
      "LocationType": "basisregisters_huisnummer_afgeleidVanObject",
      "BoundingBox": {
        "LowerLeft": {
          "Lat_WGS84": 51.20435049879781,
          "Lon_WGS84": 4.392802600834727,
          "X_Lambert72": 151680.51,
          "Y_Lambert72": 210487.39,
          "X_Lambert2008": 651675.36,
          "Y_Lambert2008": 710487.68
        },
        "UpperRight": {
          "Lat_WGS84": 51.20435049879781,
          "Lon_WGS84": 4.392802600834727,
          "X_Lambert72": 151680.51,
          "Y_Lambert72": 210487.39,
          "X_Lambert2008": 651675.36,
          "Y_Lambert2008": 710487.68
        }
      }
    }
  ]
}