{
  "LocationResult": [
    {
      "Municipality": "Antwerpen",
      "Zipcode": "2000",
      "Thoroughfarename": "Tavernierkaai",
      "Housenumber": "3",
      "ID": 3111076,
      "FormattedAddress": "Tavernierkaai 3, 2000 Antwerpen",
      "Location": {
        "Lat_WGS84": 51.22808144367367,
        "Lon_WGS84": 4.401126623835756,
        "X_Lambert72": 152261.1,
        "Y_Lambert72": 213127.79,
        "X_Lambert2008": 652255.63,
        "Y_Lambert2008": 713128.12
      },
      "LocationType": "basisregisters_huisnummer_afgeleidVanObject",
      "BoundingBox": {
        "LowerLeft": {
          "Lat_WGS84": 51.22808144367367,
          "Lon_WGS84": 4.401126623835756,
          "X_Lambert72": 152261.1,
          "Y_Lambert72": 213127.79,
          "X_Lambert2008": 652255.63,
          "Y_Lambert2008": 713128.12
        },
        "UpperRight": {
          "Lat_WGS84": 51.22808144367367,
          "Lon_WGS84": 4.401126623835756,
          "X_Lambert72": 152261.1,
          "Y_Lambert72": 213127.79,
          "X_Lambert2008": 652255.63,
          "Y_Lambert2008": 713128.12
        }
      }
    }
  ]
}