{
  "LocationResult": [
    {
      "Municipality": "Antwerpen",
      "Zipcode": "2610",
      "Thoroughfarename": "Pierebeekstraat",
      "Housenumber": "34",
      "ID": 1125055,
      "FormattedAddress": "Pierebeekstraat 34, 2610 Antwerpen",
      "Location": {
        "Lat_WGS84": 51.18027019866579,
        "Lon_WGS84": 4.3926383878915,
        "X_Lambert72": 151669.92,
        "Y_Lambert72": 207808.37,
        "X_Lambert2008": 651665.09,
        "Y_Lambert2008": 707808.68
      },
      "LocationType": "basisregisters_huisnummer_afgeleidVanObject",
      "BoundingBox": {
        "LowerLeft": {
          "Lat_WGS84": 51.18027019866579,
          "Lon_WGS84": 4.3926383878915,
          "X_Lambert72": 151669.92,
          "Y_Lambert72": 207808.37,
          "X_Lambert2008": 651665.09,
          "Y_Lambert2008": 707808.68
        },
        "UpperRight": {
          "Lat_WGS84": 51.18027019866579,
          "Lon_WGS84": 4.3926383878915,
          "X_Lambert72": 151669.92,
          "Y_Lambert72": 207808.37,
          "X_Lambert2008": 651665.09,
          "Y_Lambert2008": 707808.68
        }
      }
    }
  ]
}