{
  "LocationResult": [
    {
      "Municipality": "Antwerpen",
      "Zipcode": "2660",
      "Thoroughfarename": "Adolf Greinerstraat",
      "Housenumber": "21",
      "ID": 3823689,
      "FormattedAddress": "Adolf Greinerstraat 21, 2660 Antwerpen",
      "Location": {
        "Lat_WGS84": 51.17169190909536,
        "Lon_WGS84": 4.3353847720228025,
        "X_Lambert72": 147665.98,
        "Y_Lambert72": 206854.23,
        "X_Lambert2008": 647661.29,
        "Y_Lambert2008": 706854.07
      },
      "LocationType": "basisregisters_huisnummer_afgeleidVanObject",
      "BoundingBox": {
        "LowerLeft": {
          "Lat_WGS84": 51.17169190909536,
          "Lon_WGS84": 4.3353847720228025,
          "X_Lambert72": 147665.98,
          "Y_Lambert72": 206854.23,
          "X_Lambert2008": 647661.29,
          "Y_Lambert2008": 706854.07
        },
        "UpperRight": {
          "Lat_WGS84": 51.17169190909536,
          "Lon_WGS84": 4.3353847720228025,
          "X_Lambert72": 147665.98,
          "Y_Lambert72": 206854.23,
          "X_Lambert2008": 647661.29,
          "Y_Lambert2008": 706854.07
        }
      }
    }
  ]
}