{
  "LocationResult": [
    {
      "Municipality": "Antwerpen",
      "Zipcode": "2018",
      "Thoroughfarename": "Lange Elzenstraat",
      "Housenumber": "70",
      "ID": 1821012,
      "FormattedAddress": "Lange Elzenstraat 70, 2018 Antwerpen",
      "Location": {
        "Lat_WGS84": 51.200130590075275,
        "Lon_WGS84": 4.394105438625854,
        "X_Lambert72": 151771.73,
        "Y_Lambert72": 210017.94,
        "X_Lambert2008": 651766.63,
        "Y_Lambert2008": 710018.24
      },
      "LocationType": "basisregisters_huisnummer_afgeleidVanObject",
      "BoundingBox": {
        "LowerLeft": {
          "Lat_WGS84": 51.200130590075275,
          "Lon_WGS84": 4.394105438625854,
          "X_Lambert72": 151771.73,
          "Y_Lambert72": 210017.94,
          "X_Lambert2008": 651766.63,
          "Y_Lambert2008": 710018.24
        },
        "UpperRight": {
          "Lat_WGS84": 51.200130590075275,
          "Lon_WGS84": 4.394105438625854,
          "X_Lambert72": 151771.73,
          "Y_Lambert72": 210017.94,
          "X_Lambert2008": 651766.63,
          "Y_Lambert2008": 710018.24
        }
      }
    }
  ]
}