{
  "LocationResult": [
    {
      "Municipality": "Antwerpen",
      "Zipcode": "2150",
      "Thoroughfarename": "Boechoutsesteenweg",
      "Housenumber": "3",
      "ID": 30426708,
      "FormattedAddress": "Boechoutsesteenweg 3, 2150 Antwerpen",
      "Location": {
        "Lat_WGS84": 51.18800051441798,
        "Lon_WGS84": 4.488354724783053,
        "X_Lambert72": 158361.59,
        "Y_Lambert72": 208674.92,
        "X_Lambert2008": 658356.6,
        "Y_Lambert2008": 708676.02
      },
      "LocationType": "basisregisters_huisnummer_afgeleidVanObject",
      "BoundingBox": {
        "LowerLeft": {
          "Lat_WGS84": 51.18800051441798,
          "Lon_WGS84": 4.488354724783053,
          "X_Lambert72": 158361.59,
          "Y_Lambert72": 208674.92,
          "X_Lambert2008": 658356.6,
          "Y_Lambert2008": 708676.02
        },
        "UpperRight": {
          "Lat_WGS84": 51.18800051441798,
          "Lon_WGS84": 4.488354724783053,
          "X_Lambert72": 158361.59,
          "Y_Lambert72": 208674.92,
          "X_Lambert2008": 658356.6,
          "Y_Lambert2008": 708676.02
        }
      }
    }
  ]
}