{
  "LocationResult": [
    {
      "Municipality": "Antwerpen",
      "Zipcode": "2018",
      "Thoroughfarename": "Pelikaanstraat",
      "Housenumber": "112",
      "ID": 1004727,
      "FormattedAddress": "Pelikaanstraat 112, 2018 Antwerpen",
      "Location": {
        "Lat_WGS84": 51.213505958810444,
        "Lon_WGS84": 4.420523023744769,
        "X_Lambert72": 153617.17,
        "Y_Lambert72": 211506.98,
        "X_Lambert2008": 653611.88,
        "Y_Lambert2008": 711507.49
      },
      "LocationType": "basisregisters_huisnummer_afgeleidVanObject",
      "BoundingBox": {
        "LowerLeft": {
          "Lat_WGS84": 51.213505958810444,
          "Lon_WGS84": 4.420523023744769,
          "X_Lambert72": 153617.17,
          "Y_Lambert72": 211506.98,
          "X_Lambert2008": 653611.88,
          "Y_Lambert2008": 711507.49
        },
        "UpperRight": {
          "Lat_WGS84": 51.213505958810444,
          "Lon_WGS84": 4.420523023744769,
          "X_Lambert72": 153617.17,
          "Y_Lambert72": 211506.98,
          "X_Lambert2008": 653611.88,
          "Y_Lambert2008": 711507.49
        }
      }
    }
  ]
}