{
  "LocationResult": [
    {
      "Municipality": "Antwerpen",
      "Zipcode": "2100",
      "Thoroughfarename": "Boterlaarbaan",
      "Housenumber": "497",
      "ID": 361380,
      "FormattedAddress": "Boterlaarbaan 497, 2100 Antwerpen",
      "Location": {
        "Lat_WGS84": 51.20837736273319,
        "Lon_WGS84": 4.480344475464793,
        "X_Lambert72": 157798.13,
        "Y_Lambert72": 210941.04,
        "X_Lambert2008": 657792.88,
        "Y_Lambert2008": 710942.05
      },
      "LocationType": "basisregisters_huisnummer_afgeleidVanObject",
      "BoundingBox": {
        "LowerLeft": {
          "Lat_WGS84": 51.20837736273319,
          "Lon_WGS84": 4.480344475464793,
          "X_Lambert72": 157798.13,
          "Y_Lambert72": 210941.04,
          "X_Lambert2008": 657792.88,
          "Y_Lambert2008": 710942.05
        },
        "UpperRight": {
          "Lat_WGS84": 51.20837736273319,
          "Lon_WGS84": 4.480344475464793,
          "X_Lambert72": 157798.13,
          "Y_Lambert72": 210941.04,
          "X_Lambert2008": 657792.88,
          "Y_Lambert2008": 710942.05
        }
      }
    }
  ]
}