{
  "LocationResult": [
    {
      "Municipality": "Antwerpen",
      "Zipcode": "2060",
      "Thoroughfarename": "Van Stralenstraat",
      "Housenumber": "12",
      "ID": 1136945,
      "FormattedAddress": "Van Stralenstraat 12, 2060 Antwerpen",
      "Location": {
        "Lat_WGS84": 51.21988141370979,
        "Lon_WGS84": 4.418921991680529,
        "X_Lambert72": 153504.81,
        "Y_Lambert72": 212216.2,
        "X_Lambert2008": 653499.44,
        "Y_Lambert2008": 712216.69
      },
      "LocationType": "basisregisters_huisnummer_afgeleidVanObject",
      "BoundingBox": {
        "LowerLeft": {
          "Lat_WGS84": 51.21988141370979,
          "Lon_WGS84": 4.418921991680529,
          "X_Lambert72": 153504.81,
          "Y_Lambert72": 212216.2,
          "X_Lambert2008": 653499.44,
          "Y_Lambert2008": 712216.69
        },
        "UpperRight": {
          "Lat_WGS84": 51.21988141370979,
          "Lon_WGS84": 4.418921991680529,
          "X_Lambert72": 153504.81,
          "Y_Lambert72": 212216.2,
          "X_Lambert2008": 653499.44,
          "Y_Lambert2008": 712216.69
        }
      }
    }
  ]
}